{
  "train_runtime": 7053.3486,
  "train_samples_per_second": 1.815,
  "train_steps_per_second": 0.113,
  "total_flos": 3.726508032e+18,
  "train_loss": 1.0775781989097595,
  "epoch": 4.0
}