utterance_id,audio_path,sample_rate_hz,source_rate_group,gender,accent,district,state,other
01-00003-01,Audio/01-00003-01.mp3,8000,native_8khz,Male,unknown,unknown,unknown,unknown
01-00005-01,Audio/01-00005-01.mp3,8000,native_8khz,Male,Bihari,unknown,Bihar,inaudible
01-00008-02,Audio/01-00008-02.mp3,8000,native_8khz,Male,Bihari,unknown,Bihar,inaudible
01-00009-01,Audio/01-00009-01.mp3,8000,native_8khz,Male,Bihari,unknown,Bihar,inaudible
01-00014-02,Audio/01-00014-02.mp3,8000,native_8khz,Male,Bihari,unknown,Bihar,inaudible
01-00017-02,Audio/01-00017-02.mp3,8000,native_8khz,Male,Bihari,unknown,Bihar,inaudible
01-00018-01,Audio/01-00018-01.mp3,8000,native_8khz,Male,Bihari,unknown,Bihar,inaudible
01-00022-01,Audio/01-00022-01.mp3,8000,native_8khz,Male,unknown,unknown,unknown,inaudible
01-00041-03,Audio/01-00041-03.mp3,8000,native_8khz,Male,unknown,unknown,unknown,inaudible
01-00044-03,Audio/01-00044-03.mp3,8000,native_8khz,Male,Bihari,unknown,Bihar,unknown
01-00046-02,Audio/01-00046-02.mp3,8000,native_8khz,Male,unknown,unknown,unknown,unknown
01-00051-03,Audio/01-00051-03.mp3,8000,native_8khz,Male,unknown,unknown,unknown,inaudible
01-00057-03,Audio/01-00057-03.mp3,8000,native_8khz,Male,Bihari,unknown,Bihar,inaudible
01-00086-03,Audio/01-00086-03.mp3,8000,native_8khz,Male,Bihari,unknown,Bihar,unknown
01-00092-01,Audio/01-00092-01.mp3,8000,native_8khz,Male,Bihari,unknown,Bihar,"audio_break,inaudible"
01-00102-02,Audio/01-00102-02.mp3,8000,native_8khz,Male,unknown,unknown,Madhya_pradesh,audio_jump
01-00130-03,Audio/01-00130-03.mp3,8000,native_8khz,Male,unknown,unknown,unknown,unknown
01-00131-02,Audio/01-00131-02.mp3,8000,native_8khz,Male,unknown,unknown,unknown,unknown
01-00136-03,Audio/01-00136-03.mp3,8000,native_8khz,unknown,unknown,unknown,unknown,inaudible
01-00145-02,Audio/01-00145-02.mp3,8000,native_8khz,Male,Bihari,unknown,Bihar,inaudible
01-00155-01,Audio/01-00155-01.mp3,8000,native_8khz,Male,unknown,unknown,unknown,unknown
01-00162-02,Audio/01-00162-02.mp3,8000,native_8khz,Male,Bihari,unknown,Bihar,inaudible
01-00168-01,Audio/01-00168-01.mp3,8000,native_8khz,Male,Bihari,unknown,Bihar,inaudible
01-00181-02,Audio/01-00181-02.mp3,8000,native_8khz,Male,unknown,unknown,unknown,unknown
01-00188-03,Audio/01-00188-03.mp3,8000,native_8khz,Male,unknown,unknown,unknown,unknown
01-00199-01,Audio/01-00199-01.mp3,8000,native_8khz,Male,Bihari,unknown,Bihar,unknown
01-00207-03,Audio/01-00207-03.mp3,8000,native_8khz,Male,unknown,unknown,unknown,unknown
01-00229-02,Audio/01-00229-02.mp3,8000,native_8khz,unknown,unknown,unknown,unknown,inaudible
01-00237-03,Audio/01-00237-03.mp3,8000,native_8khz,Male,unknown,unknown,unknown,unknown
01-00244-01,Audio/01-00244-01.mp3,8000,native_8khz,Male,unknown,unknown,unknown,unknown
01-00253-03,Audio/01-00253-03.mp3,8000,native_8khz,unknown,unknown,unknown,unknown,inaudible
01-00255-01,Audio/01-00255-01.mp3,8000,native_8khz,Male,unknown,unknown,unknown,unknown
01-00255-03,Audio/01-00255-03.mp3,8000,native_8khz,Male,unknown,unknown,unknown,unknown
01-00277-02,Audio/01-00277-02.mp3,8000,native_8khz,unknown,unknown,unknown,unknown,unknown
01-00283-01,Audio/01-00283-01.mp3,8000,native_8khz,Male,unknown,unknown,unknown,unknown
01-00284-03,Audio/01-00284-03.mp3,8000,native_8khz,Male,unknown,unknown,unknown,not_clear
01-00293-03,Audio/01-00293-03.mp3,8000,native_8khz,Male,unknown,unknown,unknown,unknown
01-00318-02,Audio/01-00318-02.mp3,8000,native_8khz,Male,Bihari,unknown,Bihar,unknown
01-00376-01,Audio/01-00376-01.mp3,8000,native_8khz,Male,Bihari,unknown,Bihar,inaudible
01-00419-03,Audio/01-00419-03.mp3,8000,native_8khz,Male,Bihari,unknown,Bihar,unknown
01-00559-02,Audio/01-00559-02.mp3,8000,native_8khz,Male,Bihari,unknown,Bihar,unknown
01-00566-03,Audio/01-00566-03.mp3,8000,native_8khz,Male,Bihari,unknown,Bihar,inaudible
01-00568-01,Audio/01-00568-01.mp3,8000,native_8khz,Male,Bihari,unknown,Bihar,inaudible
01-00575-01,Audio/01-00575-01.mp3,8000,native_8khz,Male,Bihari,unknown,Bihar,inaudible
01-00583-01,Audio/01-00583-01.mp3,8000,native_8khz,Male,unknown,unknown,unknown,unknown
01-00595-02,Audio/01-00595-02.mp3,8000,native_8khz,Male,Bihari,unknown,Bihar,"audio_break,audio_jump,inaudible"
01-00596-01,Audio/01-00596-01.mp3,8000,native_8khz,Male,Bihari,unknown,Bihar,inaudible
01-00597-01,Audio/01-00597-01.mp3,8000,native_8khz,Male,Bihari,unknown,Bihar,inaudible
01-00600-02,Audio/01-00600-02.mp3,8000,native_8khz,Male,Bihari,unknown,Bihar,unknown
01-00601-03,Audio/01-00601-03.mp3,8000,native_8khz,Male,Bihari,unknown,Bihar,inaudible
01-00608-01,Audio/01-00608-01.mp3,8000,native_8khz,Male,Bihari,unknown,Bihar,inaudible
01-00611-02,Audio/01-00611-02.mp3,8000,native_8khz,unknown,unknown,unknown,unknown,unknown
01-00614-01,Audio/01-00614-01.mp3,8000,native_8khz,Male,unknown,unknown,unknown,unknown
01-00614-03,Audio/01-00614-03.mp3,8000,native_8khz,Male,unknown,unknown,unknown,unknown
01-00622-02,Audio/01-00622-02.mp3,8000,native_8khz,Female,Bihari,unknown,Bihar,unknown
01-00627-03,Audio/01-00627-03.mp3,8000,native_8khz,Male,Bihari,unknown,Bihar,unknown
01-00632-01,Audio/01-00632-01.mp3,8000,native_8khz,Male,Bihari,unknown,Bihar,unknown
01-00640-02,Audio/01-00640-02.mp3,8000,native_8khz,unknown,unknown,unknown,unknown,inaudible
01-00664-01,Audio/01-00664-01.mp3,8000,native_8khz,Male,Bihari,unknown,Bihar,unknown
01-00670-01,Audio/01-00670-01.mp3,8000,native_8khz,Male,Bihari,unknown,Bihar,unknown
01-00670-02,Audio/01-00670-02.mp3,8000,native_8khz,Male,Bihari,unknown,Bihar,unknown
01-00675-03,Audio/01-00675-03.mp3,8000,native_8khz,Male,unknown,unknown,unknown,unknown
01-00697-02,Audio/01-00697-02.mp3,8000,native_8khz,Male,unknown,unknown,unknown,unknown
01-00697-03,Audio/01-00697-03.mp3,8000,native_8khz,Male,unknown,unknown,unknown,unknown
01-00698-01,Audio/01-00698-01.mp3,8000,native_8khz,Male,Bihari,unknown,Bihar,unknown
01-00711-01,Audio/01-00711-01.mp3,8000,native_8khz,Male,unknown,unknown,unknown,inaudible
01-00726-02,Audio/01-00726-02.mp3,8000,native_8khz,Male,Bihari,unknown,Bihar,unknown
01-00748-01,Audio/01-00748-01.mp3,8000,native_8khz,unknown,unknown,unknown,unknown,unknown
01-00753-01,Audio/01-00753-01.mp3,8000,native_8khz,Female,Bihari,unknown,Bihar,unknown
01-00753-03,Audio/01-00753-03.mp3,8000,native_8khz,Male,unknown,unknown,unknown,audio_jump
01-00766-01,Audio/01-00766-01.mp3,8000,native_8khz,Male,unknown,unknown,unknown,inaudible
01-00775-02,Audio/01-00775-02.mp3,8000,native_8khz,Male,unknown,unknown,unknown,unknown
01-00784-03,Audio/01-00784-03.mp3,8000,native_8khz,Male,unknown,unknown,unknown,inaudible
01-00787-01,Audio/01-00787-01.mp3,8000,native_8khz,Male,unknown,unknown,unknown,unknown
01-00797-01,Audio/01-00797-01.mp3,8000,native_8khz,unknown,unknown,unknown,unknown,unknown
01-00797-03,Audio/01-00797-03.mp3,8000,native_8khz,unknown,unknown,unknown,unknown,unknown
01-00799-03,Audio/01-00799-03.mp3,8000,native_8khz,unknown,unknown,unknown,unknown,unknown
01-00814-03,Audio/01-00814-03.mp3,8000,native_8khz,Male,Bihari,unknown,Bihar,unknown
01-00827-01,Audio/01-00827-01.mp3,8000,native_8khz,Male,Bihari,unknown,Bihar,inaudible
01-00827-02,Audio/01-00827-02.mp3,8000,native_8khz,Male,Bihari,unknown,Bihar,"audio_jump,inaudible"
01-00840-03,Audio/01-00840-03.mp3,8000,native_8khz,unknown,unknown,unknown,unknown,unknown
01-00842-01,Audio/01-00842-01.mp3,8000,native_8khz,unknown,unknown,unknown,unknown,unknown
01-00842-02,Audio/01-00842-02.mp3,8000,native_8khz,unknown,unknown,unknown,unknown,unknown
01-00845-02,Audio/01-00845-02.mp3,8000,native_8khz,Male,Bihari,unknown,Bihar,unknown
01-00855-01,Audio/01-00855-01.mp3,8000,native_8khz,Male,unknown,unknown,unknown,audio_jump
01-00862-02,Audio/01-00862-02.mp3,8000,native_8khz,unknown,unknown,unknown,unknown,unknown
01-00877-03,Audio/01-00877-03.mp3,8000,native_8khz,Male,Bihari,unknown,Bihar,inaudible
01-00878-01,Audio/01-00878-01.mp3,8000,native_8khz,Male,Bihari,unknown,Bihar,unknown
01-00899-01,Audio/01-00899-01.mp3,8000,native_8khz,unknown,unknown,unknown,unknown,unknown
01-00903-03,Audio/01-00903-03.mp3,8000,native_8khz,Male,Bihari,unknown,Bihar,inaudible
01-00906-02,Audio/01-00906-02.mp3,8000,native_8khz,unknown,unknown,unknown,unknown,unknown
01-00915-02,Audio/01-00915-02.mp3,8000,native_8khz,Male,Bihari,unknown,Bihar,unknown
01-00917-01,Audio/01-00917-01.mp3,8000,native_8khz,Male,Bihari,unknown,Bihar,unknown
01-00925-03,Audio/01-00925-03.mp3,8000,native_8khz,Male,Bihari,unknown,Bihar,unknown
01-00930-02,Audio/01-00930-02.mp3,8000,native_8khz,Male,Bihari,unknown,Bihar,unknown
01-00930-03,Audio/01-00930-03.mp3,8000,native_8khz,Male,Bihari,unknown,Bihar,unknown
01-00935-01,Audio/01-00935-01.mp3,8000,native_8khz,Male,Bihari,unknown,Bihar,unknown
01-00938-03,Audio/01-00938-03.mp3,8000,native_8khz,Male,Bihari,unknown,Bihar,unknown
01-00944-03,Audio/01-00944-03.mp3,8000,native_8khz,Male,Bihari,unknown,Bihar,unknown
01-00965-02,Audio/01-00965-02.mp3,8000,native_8khz,Male,Bihari,unknown,Bihar,unknown
01-00970-03,Audio/01-00970-03.mp3,8000,native_8khz,Male,Bihari,unknown,Bihar,inaudible
01-00975-02,Audio/01-00975-02.mp3,8000,native_8khz,Male,Bihari,unknown,Bihar,"audio_jump,inaudible"
01-00976-02,Audio/01-00976-02.mp3,8000,native_8khz,Male,Bihari,unknown,Bihar,unknown
01-00995-03,Audio/01-00995-03.mp3,8000,native_8khz,Male,Bihari,unknown,Bihar,unknown
01-01004-01,Audio/01-01004-01.mp3,8000,native_8khz,Male,Bihari,unknown,Bihar,unknown
01-01036-02,Audio/01-01036-02.mp3,8000,native_8khz,Male,unknown,unknown,unknown,unknown
01-01041-03,Audio/01-01041-03.mp3,8000,native_8khz,unknown,unknown,unknown,unknown,"audio_jump,inaudible"
01-01068-01,Audio/01-01068-01.mp3,8000,native_8khz,Male,Bihari,unknown,Bihar,unknown
01-01070-03,Audio/01-01070-03.mp3,8000,native_8khz,Male,Bihari,unknown,Bihar,"audio_jump,inaudible"
01-01072-03,Audio/01-01072-03.mp3,8000,native_8khz,unknown,unknown,unknown,unknown,unknown
01-01074-01,Audio/01-01074-01.mp3,8000,native_8khz,Male,unknown,unknown,unknown,unknown
01-01075-02,Audio/01-01075-02.mp3,8000,native_8khz,unknown,unknown,unknown,unknown,unknown
01-01075-03,Audio/01-01075-03.mp3,8000,native_8khz,unknown,unknown,unknown,unknown,unknown
01-01215-03,Audio/01-01215-03.mp3,8000,native_8khz,Male,Bihari,unknown,Bihar,unknown
01-01219-03,Audio/01-01219-03.mp3,8000,native_8khz,Male,Bihari,unknown,Bihar,unknown
01-01223-01,Audio/01-01223-01.mp3,8000,native_8khz,Male,unknown,unknown,unknown,inaudible
01-01232-03,Audio/01-01232-03.mp3,8000,native_8khz,Male,Bihari,unknown,Bihar,unknown
01-01236-01,Audio/01-01236-01.mp3,8000,native_8khz,Male,Bihari,unknown,Bihar,unknown
01-01245-01,Audio/01-01245-01.mp3,8000,native_8khz,Male,unknown,unknown,unknown,audio_jump
01-01252-01,Audio/01-01252-01.mp3,8000,native_8khz,Male,Bihari,unknown,Bihar,unknown
01-01255-02,Audio/01-01255-02.mp3,8000,native_8khz,Male,Bihari,unknown,Bihar,unknown
01-01258-01,Audio/01-01258-01.mp3,8000,native_8khz,Male,Bihari,unknown,Bihar,unknown
01-01281-02,Audio/01-01281-02.mp3,8000,native_8khz,Male,Bihari,unknown,Bihar,unknown
01-01282-01,Audio/01-01282-01.mp3,8000,native_8khz,Male,Bihari,unknown,Bihar,unknown
01-01287-01,Audio/01-01287-01.mp3,8000,native_8khz,Male,Bihari,unknown,Bihar,unknown
01-01290-02,Audio/01-01290-02.mp3,8000,native_8khz,Male,Bihari,unknown,Bihar,unknown
01-01325-01,Audio/01-01325-01.mp3,8000,native_8khz,Female,Bihari,unknown,Bihar,unknown
01-01328-02,Audio/01-01328-02.mp3,8000,native_8khz,Female,Bihari,unknown,Bihar,unknown
01-01352-03,Audio/01-01352-03.mp3,8000,native_8khz,Male,Bihari,unknown,Bihar,unknown
01-01354-01,Audio/01-01354-01.mp3,8000,native_8khz,Female,Bihari,unknown,Bihar,unknown
01-01356-01,Audio/01-01356-01.mp3,8000,native_8khz,Female,Bihari,unknown,Bihar,unknown
01-01381-03,Audio/01-01381-03.mp3,8000,native_8khz,Male,Bihari,unknown,Bihar,unknown
01-01383-02,Audio/01-01383-02.mp3,8000,native_8khz,Male,Bihari,unknown,Bihar,unknown
01-01393-01,Audio/01-01393-01.mp3,8000,native_8khz,Male,Bihari,unknown,Bihar,unknown
01-01400-02,Audio/01-01400-02.mp3,8000,native_8khz,Male,Bihari,unknown,Bihar,unknown
01-01404-01,Audio/01-01404-01.mp3,8000,native_8khz,Female,Bihari,unknown,Bihar,unknown
01-01409-03,Audio/01-01409-03.mp3,8000,native_8khz,Male,Bihari,unknown,Bihar,unknown
01-01422-03,Audio/01-01422-03.mp3,8000,native_8khz,Male,Bihari,unknown,Bihar,unknown
01-01425-01,Audio/01-01425-01.mp3,8000,native_8khz,Male,Bihari,unknown,Bihar,inaudible
01-01460-02,Audio/01-01460-02.mp3,8000,native_8khz,Male,Bihari,unknown,Bihar,unknown
01-01504-03,Audio/01-01504-03.mp3,8000,native_8khz,Male,Bihari,unknown,Bihar,unknown
01-01508-03,Audio/01-01508-03.mp3,8000,native_8khz,Female,Bihari,unknown,Bihar,unknown
01-01519-03,Audio/01-01519-03.mp3,8000,native_8khz,Male,Bihari,unknown,Bihar,unknown
01-01535-02,Audio/01-01535-02.mp3,8000,native_8khz,Female,unknown,unknown,unknown,unknown
01-01538-02,Audio/01-01538-02.mp3,8000,native_8khz,Male,unknown,unknown,unknown,inaudible
01-01541-01,Audio/01-01541-01.mp3,8000,native_8khz,Female,Bihari,unknown,Bihar,unknown
01-01547-02,Audio/01-01547-02.mp3,8000,native_8khz,unknown,unknown,unknown,unknown,unknown
01-01562-02,Audio/01-01562-02.mp3,8000,native_8khz,Male,unknown,unknown,unknown,audio_jump
01-01570-01,Audio/01-01570-01.mp3,8000,native_8khz,Male,Bihari,unknown,Bihar,inaudible
01-01573-02,Audio/01-01573-02.mp3,8000,native_8khz,unknown,unknown,unknown,unknown,unknown
01-01588-01,Audio/01-01588-01.mp3,8000,native_8khz,unknown,unknown,unknown,unknown,unknown
01-01588-02,Audio/01-01588-02.mp3,8000,native_8khz,unknown,unknown,unknown,unknown,unknown
01-01589-01,Audio/01-01589-01.mp3,8000,native_8khz,Male,Bihari,unknown,Bihar,inaudible
01-01598-02,Audio/01-01598-02.mp3,8000,native_8khz,unknown,unknown,unknown,unknown,unknown
01-01607-01,Audio/01-01607-01.mp3,8000,native_8khz,unknown,unknown,unknown,unknown,unknown
01-01609-01,Audio/01-01609-01.mp3,8000,native_8khz,Male,Bihari,unknown,Bihar,unknown
01-01611-01,Audio/01-01611-01.mp3,8000,native_8khz,unknown,unknown,unknown,unknown,unknown
01-01621-01,Audio/01-01621-01.mp3,8000,native_8khz,Male,Bihari,unknown,Bihar,unknown
01-01651-03,Audio/01-01651-03.mp3,8000,native_8khz,Male,Bihari,unknown,Bihar,inaudible
01-01653-01,Audio/01-01653-01.mp3,8000,native_8khz,Male,unknown,unknown,unknown,inaudible
01-01653-02,Audio/01-01653-02.mp3,8000,native_8khz,Male,unknown,unknown,unknown,inaudible
01-01662-03,Audio/01-01662-03.mp3,8000,native_8khz,Male,Bihari,unknown,Bihar,unknown
01-01704-03,Audio/01-01704-03.mp3,8000,native_8khz,Male,Bihari,unknown,Bihar,inaudible
01-01711-03,Audio/01-01711-03.mp3,8000,native_8khz,Male,unknown,unknown,unknown,unknown
01-01714-03,Audio/01-01714-03.mp3,8000,native_8khz,Male,Bihari,unknown,Bihar,unknown
01-01715-01,Audio/01-01715-01.mp3,8000,native_8khz,unknown,unknown,unknown,unknown,unknown
01-01719-03,Audio/01-01719-03.mp3,8000,native_8khz,Male,Bihari,unknown,Bihar,unknown
01-01730-02,Audio/01-01730-02.mp3,8000,native_8khz,Female,Bihari,unknown,Bihar,inaudible
01-01730-03,Audio/01-01730-03.mp3,8000,native_8khz,Female,Bihari,unknown,Bihar,inaudible
01-01737-02,Audio/01-01737-02.mp3,8000,native_8khz,unknown,unknown,unknown,unknown,unknown
01-01756-01,Audio/01-01756-01.mp3,8000,native_8khz,unknown,unknown,unknown,unknown,unknown
01-01758-03,Audio/01-01758-03.mp3,8000,native_8khz,Male,unknown,unknown,unknown,inaudible
01-01769-01,Audio/01-01769-01.mp3,8000,native_8khz,unknown,unknown,unknown,unknown,unknown
01-01775-01,Audio/01-01775-01.mp3,8000,native_8khz,Male,Bihari,unknown,Bihar,inaudible
01-01775-03,Audio/01-01775-03.mp3,8000,native_8khz,Male,Bihari,unknown,Bihar,"audio_jump,inaudible"
01-01784-02,Audio/01-01784-02.mp3,8000,native_8khz,Male,Bihari,unknown,Bihar,inaudible
01-01786-02,Audio/01-01786-02.mp3,8000,native_8khz,Female,Bihari,unknown,Bihar,unknown
01-01806-01,Audio/01-01806-01.mp3,8000,native_8khz,unknown,unknown,unknown,unknown,unknown
01-01821-01,Audio/01-01821-01.mp3,8000,native_8khz,Female,Bihari,unknown,Bihar,inaudible
01-01829-01,Audio/01-01829-01.mp3,8000,native_8khz,Male,Bihari,unknown,Bihar,inaudible
01-01830-02,Audio/01-01830-02.mp3,8000,native_8khz,Male,unknown,unknown,unknown,inaudible
01-01879-02,Audio/01-01879-02.mp3,8000,native_8khz,Male,Bihari,unknown,Bihar,inaudible
01-01890-02,Audio/01-01890-02.mp3,8000,native_8khz,Male,Bihari,unknown,Bihar,unknown
01-01891-03,Audio/01-01891-03.mp3,8000,native_8khz,Male,Bihari,unknown,Bihar,unknown
01-01892-02,Audio/01-01892-02.mp3,8000,native_8khz,Female,Bihari,unknown,Bihar,unknown
01-01895-02,Audio/01-01895-02.mp3,8000,native_8khz,Male,Bihari,unknown,Bihar,inaudible
01-01911-01,Audio/01-01911-01.mp3,8000,native_8khz,unknown,unknown,unknown,unknown,unknown
01-01922-01,Audio/01-01922-01.mp3,8000,native_8khz,Male,unknown,unknown,unknown,unknown
01-01924-03,Audio/01-01924-03.mp3,8000,native_8khz,unknown,unknown,unknown,unknown,unknown
01-01925-01,Audio/01-01925-01.mp3,8000,native_8khz,Female,unknown,unknown,unknown,unknown
01-01937-03,Audio/01-01937-03.mp3,8000,native_8khz,unknown,unknown,unknown,unknown,unknown
01-01947-02,Audio/01-01947-02.mp3,8000,native_8khz,unknown,unknown,unknown,unknown,unknown
01-01972-03,Audio/01-01972-03.mp3,8000,native_8khz,Male,unknown,Dhanbad,Jharkhand,unknown
01-01989-01,Audio/01-01989-01.mp3,8000,native_8khz,unknown,unknown,unknown,unknown,unknown
01-01991-02,Audio/01-01991-02.mp3,8000,native_8khz,Male,unknown,unknown,unknown,unknown
01-01994-02,Audio/01-01994-02.mp3,8000,native_8khz,Male,unknown,unknown,unknown,unknown
01-01995-01,Audio/01-01995-01.mp3,8000,native_8khz,Male,unknown,unknown,unknown,unknown
01-02003-03,Audio/01-02003-03.mp3,8000,native_8khz,unknown,unknown,unknown,unknown,unknown
01-02009-03,Audio/01-02009-03.mp3,8000,native_8khz,Male,unknown,unknown,unknown,unknown
01-02011-03,Audio/01-02011-03.mp3,8000,native_8khz,Male,unknown,unknown,unknown,unknown
01-02013-01,Audio/01-02013-01.mp3,8000,native_8khz,Male,Bihari,unknown,Bihar,unknown
01-02033-03,Audio/01-02033-03.mp3,8000,native_8khz,Male,unknown,unknown,unknown,inaudible
01-02035-01,Audio/01-02035-01.mp3,8000,native_8khz,Female,unknown,unknown,unknown,unknown
01-02072-01,Audio/01-02072-01.mp3,8000,native_8khz,Male,unknown,unknown,unknown,unknown
01-02074-02,Audio/01-02074-02.mp3,8000,native_8khz,Male,unknown,unknown,unknown,"audio_jump,inaudible"
01-02087-02,Audio/01-02087-02.mp3,8000,native_8khz,Male,unknown,unknown,unknown,unknown
01-02089-02,Audio/01-02089-02.mp3,8000,native_8khz,Male,unknown,unknown,unknown,inaudible
01-02108-02,Audio/01-02108-02.mp3,8000,native_8khz,Male,unknown,unknown,unknown,inaudible
01-02111-02,Audio/01-02111-02.mp3,8000,native_8khz,Male,unknown,unknown,unknown,unknown
01-02114-03,Audio/01-02114-03.mp3,8000,native_8khz,Male,Bihari,unknown,Bihar,unknown
01-02122-01,Audio/01-02122-01.mp3,8000,native_8khz,Male,unknown,unknown,unknown,unknown
01-02135-02,Audio/01-02135-02.mp3,8000,native_8khz,Male,unknown,unknown,unknown,unknown
01-02150-02,Audio/01-02150-02.mp3,8000,native_8khz,Male,unknown,unknown,unknown,unknown
01-02185-03,Audio/01-02185-03.mp3,8000,native_8khz,Male,Bihari,unknown,Bihar,inaudible
01-02191-03,Audio/01-02191-03.mp3,8000,native_8khz,Male,unknown,unknown,unknown,unknown
01-02194-02,Audio/01-02194-02.mp3,8000,native_8khz,Male,unknown,unknown,unknown,unknown
01-02244-02,Audio/01-02244-02.mp3,8000,native_8khz,Male,Bihari,unknown,Bihar,unknown
01-02251-01,Audio/01-02251-01.mp3,8000,native_8khz,Female,unknown,unknown,unknown,audio_jump
01-02273-01,Audio/01-02273-01.mp3,8000,native_8khz,Female,unknown,unknown,unknown,unknown
01-02277-01,Audio/01-02277-01.mp3,8000,native_8khz,Male,unknown,unknown,unknown,inaudible
01-02278-02,Audio/01-02278-02.mp3,8000,native_8khz,Male,Bihari,unknown,Bihar,unknown
01-02280-02,Audio/01-02280-02.mp3,8000,native_8khz,Male,unknown,unknown,unknown,inaudible
01-02305-01,Audio/01-02305-01.mp3,8000,native_8khz,Male,unknown,unknown,unknown,unknown
01-02324-02,Audio/01-02324-02.mp3,8000,native_8khz,Male,unknown,unknown,unknown,inaudible
01-02328-02,Audio/01-02328-02.mp3,8000,native_8khz,Male,unknown,unknown,unknown,unknown
01-02359-01,Audio/01-02359-01.mp3,8000,native_8khz,Male,unknown,unknown,unknown,unknown
01-02394-02,Audio/01-02394-02.mp3,8000,native_8khz,Male,Bihari,unknown,Bihar,inaudible
01-02417-01,Audio/01-02417-01.mp3,8000,native_8khz,Male,Bihari,unknown,Bihar,inaudible
01-02421-01,Audio/01-02421-01.mp3,8000,native_8khz,Male,Bihari,unknown,Bihar,inaudible
01-02428-01,Audio/01-02428-01.mp3,8000,native_8khz,Male,unknown,unknown,unknown,"audio_jump,inaudible"
01-02437-01,Audio/01-02437-01.mp3,8000,native_8khz,unknown,unknown,unknown,unknown,unknown
01-02440-03,Audio/01-02440-03.mp3,8000,native_8khz,unknown,unknown,unknown,unknown,inaudible
01-02449-02,Audio/01-02449-02.mp3,8000,native_8khz,unknown,unknown,unknown,unknown,unknown
01-02455-03,Audio/01-02455-03.mp3,8000,native_8khz,unknown,unknown,unknown,unknown,unknown
01-02466-01,Audio/01-02466-01.mp3,8000,native_8khz,unknown,unknown,unknown,unknown,unknown
01-02468-02,Audio/01-02468-02.mp3,8000,native_8khz,unknown,unknown,unknown,unknown,unknown
01-02473-03,Audio/01-02473-03.mp3,8000,native_8khz,Male,unknown,unknown,unknown,unknown
01-02477-02,Audio/01-02477-02.mp3,8000,native_8khz,Male,unknown,unknown,unknown,unknown
01-02491-01,Audio/01-02491-01.mp3,8000,native_8khz,Male,unknown,unknown,unknown,audio_jump
01-02492-03,Audio/01-02492-03.mp3,8000,native_8khz,Male,Bihari,unknown,Bihar,unknown
01-02494-03,Audio/01-02494-03.mp3,8000,native_8khz,unknown,unknown,unknown,unknown,unknown
01-02521-03,Audio/01-02521-03.mp3,8000,native_8khz,Male,Bihari,unknown,Bihar,unknown
01-02526-02,Audio/01-02526-02.mp3,8000,native_8khz,Male,Bihari,unknown,Bihar,inaudible
01-02528-01,Audio/01-02528-01.mp3,8000,native_8khz,unknown,unknown,unknown,unknown,inaudible
01-02530-01,Audio/01-02530-01.mp3,8000,native_8khz,Male,Bihari,unknown,Bihar,"audio_jump,inaudible"
01-02533-02,Audio/01-02533-02.mp3,8000,native_8khz,Male,Bihari,unknown,Bihar,inaudible
01-02534-03,Audio/01-02534-03.mp3,8000,native_8khz,unknown,unknown,unknown,unknown,unknown
01-02549-03,Audio/01-02549-03.mp3,8000,native_8khz,Male,Bihari,unknown,Bihar,"audio_jump,inaudible"
01-02569-02,Audio/01-02569-02.mp3,8000,native_8khz,Male,Bihari,unknown,Bihar,inaudible
01-02578-02,Audio/01-02578-02.mp3,8000,native_8khz,Male,Bihari,unknown,Bihar,inaudible
01-02580-03,Audio/01-02580-03.mp3,8000,native_8khz,Male,unknown,unknown,unknown,inaudible
01-02587-01,Audio/01-02587-01.mp3,8000,native_8khz,unknown,unknown,unknown,unknown,unknown
01-02590-01,Audio/01-02590-01.mp3,8000,native_8khz,Male,unknown,unknown,unknown,inaudible
01-02603-02,Audio/01-02603-02.mp3,8000,native_8khz,unknown,unknown,unknown,unknown,unknown
01-02610-01,Audio/01-02610-01.mp3,8000,native_8khz,Male,Bihari,unknown,Bihar,inaudible
01-02620-02,Audio/01-02620-02.mp3,8000,native_8khz,Male,Bihari,unknown,Bihar,inaudible
01-02622-03,Audio/01-02622-03.mp3,8000,native_8khz,unknown,unknown,unknown,unknown,unknown
01-02625-01,Audio/01-02625-01.mp3,8000,native_8khz,Male,unknown,unknown,unknown,inaudible
01-02627-03,Audio/01-02627-03.mp3,8000,native_8khz,unknown,unknown,unknown,unknown,unknown
01-02639-01,Audio/01-02639-01.mp3,8000,native_8khz,Male,unknown,unknown,unknown,unknown
01-02649-01,Audio/01-02649-01.mp3,8000,native_8khz,Male,unknown,unknown,unknown,unknown
01-02652-03,Audio/01-02652-03.mp3,8000,native_8khz,unknown,unknown,unknown,unknown,unknown
01-02675-02,Audio/01-02675-02.mp3,8000,native_8khz,unknown,unknown,unknown,unknown,inaudible
01-02689-01,Audio/01-02689-01.mp3,8000,native_8khz,Male,Bihari,unknown,Bihar,unknown
01-02692-02,Audio/01-02692-02.mp3,8000,native_8khz,unknown,unknown,unknown,unknown,unknown
01-02701-01,Audio/01-02701-01.mp3,8000,native_8khz,Male,unknown,unknown,unknown,unknown
01-02701-03,Audio/01-02701-03.mp3,8000,native_8khz,Male,Bihari,unknown,Bihar,inaudible
01-02703-01,Audio/01-02703-01.mp3,8000,native_8khz,Male,Bihari,unknown,Bihar,inaudible
01-02704-01,Audio/01-02704-01.mp3,8000,native_8khz,Male,Bihari,unknown,Bihar,inaudible
01-02709-02,Audio/01-02709-02.mp3,8000,native_8khz,Male,Bihari,unknown,Bihar,inaudible
01-02731-02,Audio/01-02731-02.mp3,8000,native_8khz,Male,unknown,unknown,unknown,unknown
01-02734-01,Audio/01-02734-01.mp3,8000,native_8khz,Male,unknown,unknown,unknown,unknown
01-02755-02,Audio/01-02755-02.mp3,8000,native_8khz,Male,Bihari,unknown,Bihar,inaudible
01-02763-03,Audio/01-02763-03.mp3,8000,native_8khz,Male,unknown,unknown,unknown,unknown
01-02792-02,Audio/01-02792-02.mp3,8000,native_8khz,Male,unknown,unknown,unknown,unknown
01-02794-02,Audio/01-02794-02.mp3,8000,native_8khz,Male,Bihari,unknown,Bihar,unknown
01-02798-02,Audio/01-02798-02.mp3,8000,native_8khz,Male,unknown,unknown,unknown,unknown
01-02809-02,Audio/01-02809-02.mp3,8000,native_8khz,Male,Bihari,unknown,Bihar,inaudible
01-02813-01,Audio/01-02813-01.mp3,8000,native_8khz,unknown,unknown,unknown,unknown,unknown
01-02827-03,Audio/01-02827-03.mp3,8000,native_8khz,unknown,unknown,unknown,unknown,unknown
01-02830-02,Audio/01-02830-02.mp3,8000,native_8khz,unknown,unknown,unknown,unknown,unknown
01-02836-03,Audio/01-02836-03.mp3,8000,native_8khz,Male,unknown,unknown,unknown,unknown
01-02840-03,Audio/01-02840-03.mp3,8000,native_8khz,Male,Bihari,unknown,Bihar,unknown
01-02848-01,Audio/01-02848-01.mp3,8000,native_8khz,Male,unknown,unknown,unknown,inaudible
01-02848-03,Audio/01-02848-03.mp3,8000,native_8khz,unknown,unknown,unknown,unknown,inaudible
01-02882-01,Audio/01-02882-01.mp3,8000,native_8khz,Male,unknown,unknown,unknown,unknown
01-02889-02,Audio/01-02889-02.mp3,8000,native_8khz,Male,Bihari,unknown,Bihar,inaudible
01-02890-03,Audio/01-02890-03.mp3,8000,native_8khz,Male,unknown,unknown,unknown,unknown
01-02893-03,Audio/01-02893-03.mp3,8000,native_8khz,Male,Bihari,unknown,Bihar,unknown
01-02899-02,Audio/01-02899-02.mp3,8000,native_8khz,Male,Bihari,unknown,Bihar,unknown
01-02935-02,Audio/01-02935-02.mp3,8000,native_8khz,unknown,unknown,unknown,unknown,inaudible
01-02936-03,Audio/01-02936-03.mp3,8000,native_8khz,Male,unknown,unknown,unknown,inaudible
01-02943-03,Audio/01-02943-03.mp3,8000,native_8khz,Male,unknown,unknown,unknown,unknown
01-02954-03,Audio/01-02954-03.mp3,8000,native_8khz,unknown,unknown,unknown,unknown,unknown
01-02959-01,Audio/01-02959-01.mp3,8000,native_8khz,unknown,unknown,unknown,unknown,audio_jump
01-02961-02,Audio/01-02961-02.mp3,8000,native_8khz,Male,unknown,unknown,unknown,unknown
01-02969-01,Audio/01-02969-01.mp3,8000,native_8khz,unknown,unknown,unknown,unknown,unknown
01-02976-02,Audio/01-02976-02.mp3,8000,native_8khz,unknown,unknown,unknown,unknown,unknown
01-02986-03,Audio/01-02986-03.mp3,8000,native_8khz,Male,Bihari,unknown,Bihar,unknown
01-02988-01,Audio/01-02988-01.mp3,8000,native_8khz,Male,unknown,unknown,unknown,unknown
01-02990-01,Audio/01-02990-01.mp3,8000,native_8khz,Male,unknown,unknown,unknown,inaudible
01-02994-03,Audio/01-02994-03.mp3,8000,native_8khz,unknown,unknown,unknown,unknown,unknown
01-02996-02,Audio/01-02996-02.mp3,8000,native_8khz,unknown,unknown,unknown,unknown,inaudible
01-02999-02,Audio/01-02999-02.mp3,8000,native_8khz,unknown,unknown,unknown,unknown,unknown
01-03004-03,Audio/01-03004-03.mp3,8000,native_8khz,unknown,unknown,unknown,unknown,unknown
01-03016-01,Audio/01-03016-01.mp3,8000,native_8khz,Male,Bihari,unknown,Bihar,unknown
01-03017-02,Audio/01-03017-02.mp3,8000,native_8khz,Male,Bihari,unknown,Bihar,inaudible
01-03021-01,Audio/01-03021-01.mp3,8000,native_8khz,Male,unknown,unknown,unknown,unknown
01-03025-02,Audio/01-03025-02.mp3,8000,native_8khz,unknown,unknown,unknown,unknown,audio_jump
01-03029-03,Audio/01-03029-03.mp3,8000,native_8khz,unknown,unknown,unknown,unknown,unknown
01-03035-02,Audio/01-03035-02.mp3,8000,native_8khz,unknown,unknown,unknown,unknown,audio_break
01-03036-01,Audio/01-03036-01.mp3,8000,native_8khz,unknown,unknown,unknown,unknown,unknown
01-03051-01,Audio/01-03051-01.mp3,8000,native_8khz,unknown,unknown,unknown,unknown,unknown
01-03064-02,Audio/01-03064-02.mp3,8000,native_8khz,Male,Bihari,unknown,Bihar,unknown
01-03096-01,Audio/01-03096-01.mp3,8000,native_8khz,Male,Bihari,unknown,Bihar,unknown
01-03105-03,Audio/01-03105-03.mp3,8000,native_8khz,Male,Bihari,unknown,Bihar,unknown
01-03114-02,Audio/01-03114-02.mp3,8000,native_8khz,Male,Bihari,unknown,Bihar,unknown
01-03126-02,Audio/01-03126-02.mp3,8000,native_8khz,Male,Bihari,unknown,Bihar,unknown
01-03127-01,Audio/01-03127-01.mp3,8000,native_8khz,Male,Bihari,unknown,Bihar,unknown
01-03158-03,Audio/01-03158-03.mp3,8000,native_8khz,Male,Bihari,unknown,Bihar,unknown
01-03159-03,Audio/01-03159-03.mp3,8000,native_8khz,Male,Bihari,unknown,Bihar,unknown
01-03160-03,Audio/01-03160-03.mp3,8000,native_8khz,Male,Bihari,unknown,Bihar,unknown
01-03161-01,Audio/01-03161-01.mp3,8000,native_8khz,Male,Bihari,unknown,Bihar,unknown
01-03172-01,Audio/01-03172-01.mp3,8000,native_8khz,Male,Bihari,unknown,Bihar,unknown
01-03187-01,Audio/01-03187-01.mp3,8000,native_8khz,Male,Bihari,unknown,Bihar,unknown
01-03188-01,Audio/01-03188-01.mp3,8000,native_8khz,Male,Bihari,unknown,Bihar,unknown
01-03198-03,Audio/01-03198-03.mp3,8000,native_8khz,Male,Bihari,unknown,Bihar,unknown
01-03199-03,Audio/01-03199-03.mp3,8000,native_8khz,Male,Bihari,unknown,Bihar,unknown
01-03205-01,Audio/01-03205-01.mp3,8000,native_8khz,Male,Bihari,unknown,Bihar,inaudible
01-03217-01,Audio/01-03217-01.mp3,8000,native_8khz,Male,Bihari,unknown,Bihar,unknown
01-03230-01,Audio/01-03230-01.mp3,8000,native_8khz,Male,Bihari,unknown,Bihar,unknown
01-03237-02,Audio/01-03237-02.mp3,8000,native_8khz,Male,Bihari,unknown,Bihar,unknown
01-03238-03,Audio/01-03238-03.mp3,8000,native_8khz,Male,Bihari,unknown,Bihar,unknown
01-03244-02,Audio/01-03244-02.mp3,8000,native_8khz,Male,Bihari,unknown,Bihar,unknown
01-03248-03,Audio/01-03248-03.mp3,8000,native_8khz,Male,Bihari,unknown,Bihar,unknown
01-03251-01,Audio/01-03251-01.mp3,8000,native_8khz,Male,Bihari,unknown,Bihar,unknown
01-03265-02,Audio/01-03265-02.mp3,8000,native_8khz,Male,Bihari,unknown,Bihar,unknown
01-03266-03,Audio/01-03266-03.mp3,8000,native_8khz,Male,Bihari,unknown,Bihar,unknown
01-03268-02,Audio/01-03268-02.mp3,8000,native_8khz,Male,Bihari,unknown,Bihar,unknown
01-03281-02,Audio/01-03281-02.mp3,8000,native_8khz,Male,unknown,unknown,unknown,unknown
01-03289-02,Audio/01-03289-02.mp3,8000,native_8khz,Male,unknown,unknown,unknown,unknown
01-03297-01,Audio/01-03297-01.mp3,8000,native_8khz,Male,unknown,unknown,unknown,unknown
01-03302-01,Audio/01-03302-01.mp3,8000,native_8khz,Male,Bihari,unknown,Bihar,unknown
01-03302-02,Audio/01-03302-02.mp3,8000,native_8khz,Male,Bihari,unknown,Bihar,unknown
01-03311-03,Audio/01-03311-03.mp3,8000,native_8khz,Male,unknown,unknown,unknown,unknown
01-03313-02,Audio/01-03313-02.mp3,8000,native_8khz,Male,unknown,unknown,unknown,inaudible
01-03313-03,Audio/01-03313-03.mp3,8000,native_8khz,Male,unknown,unknown,unknown,unknown
01-03315-03,Audio/01-03315-03.mp3,8000,native_8khz,Male,Bihari,unknown,Bihar,unknown
01-03325-01,Audio/01-03325-01.mp3,8000,native_8khz,Male,unknown,unknown,unknown,unknown
01-03335-01,Audio/01-03335-01.mp3,8000,native_8khz,Female,unknown,unknown,unknown,unknown
01-03338-01,Audio/01-03338-01.mp3,8000,native_8khz,Male,unknown,unknown,unknown,unknown
01-03345-02,Audio/01-03345-02.mp3,8000,native_8khz,Male,Bihari,unknown,Bihar,unknown
01-03388-03,Audio/01-03388-03.mp3,8000,native_8khz,unknown,unknown,unknown,unknown,unknown
01-03395-03,Audio/01-03395-03.mp3,8000,native_8khz,unknown,unknown,unknown,unknown,inaudible
01-03398-01,Audio/01-03398-01.mp3,8000,native_8khz,Male,Bihari,unknown,Bihar,"audio_jump,inaudible"
01-03402-01,Audio/01-03402-01.mp3,8000,native_8khz,Male,unknown,unknown,unknown,inaudible
01-03403-01,Audio/01-03403-01.mp3,8000,native_8khz,Male,unknown,unknown,unknown,unknown
01-03407-03,Audio/01-03407-03.mp3,8000,native_8khz,Male,unknown,unknown,unknown,unknown
01-03408-03,Audio/01-03408-03.mp3,8000,native_8khz,Male,unknown,unknown,unknown,unknown
01-03429-01,Audio/01-03429-01.mp3,8000,native_8khz,Male,unknown,unknown,unknown,unknown
01-03442-02,Audio/01-03442-02.mp3,8000,native_8khz,Male,unknown,unknown,unknown,unknown
01-03443-03,Audio/01-03443-03.mp3,8000,native_8khz,Male,unknown,unknown,unknown,inaudible
01-03451-01,Audio/01-03451-01.mp3,8000,native_8khz,Male,unknown,unknown,unknown,unknown
01-03453-02,Audio/01-03453-02.mp3,8000,native_8khz,Male,Bihari,unknown,Bihar,unknown
01-03459-03,Audio/01-03459-03.mp3,8000,native_8khz,Male,unknown,unknown,unknown,inaudible
01-03464-02,Audio/01-03464-02.mp3,8000,native_8khz,Male,Bihari,unknown,Bihar,unknown
01-03473-01,Audio/01-03473-01.mp3,8000,native_8khz,Male,unknown,unknown,unknown,unknown
01-03475-01,Audio/01-03475-01.mp3,8000,native_8khz,Male,unknown,unknown,unknown,unknown
01-03482-03,Audio/01-03482-03.mp3,8000,native_8khz,Male,Bihari,unknown,Bihar,unknown
01-03487-02,Audio/01-03487-02.mp3,8000,native_8khz,Male,Bihari,unknown,Bihar,unknown
01-03491-01,Audio/01-03491-01.mp3,8000,native_8khz,Male,unknown,unknown,unknown,"audio_jump,not_clear"
01-03509-02,Audio/01-03509-02.mp3,8000,native_8khz,Male,unknown,unknown,unknown,inaudible
01-03510-01,Audio/01-03510-01.mp3,8000,native_8khz,Male,Bihari,unknown,Bihar,unknown
01-03511-03,Audio/01-03511-03.mp3,8000,native_8khz,Male,Bihari,unknown,Bihar,inaudible
01-03533-01,Audio/01-03533-01.mp3,8000,native_8khz,Male,unknown,unknown,unknown,unknown
01-03534-01,Audio/01-03534-01.mp3,8000,native_8khz,Male,unknown,unknown,unknown,inaudible
01-03536-03,Audio/01-03536-03.mp3,8000,native_8khz,Male,unknown,unknown,unknown,unknown
01-03553-03,Audio/01-03553-03.mp3,8000,native_8khz,Male,unknown,unknown,unknown,unknown
01-03556-01,Audio/01-03556-01.mp3,8000,native_8khz,Male,unknown,unknown,unknown,inaudible
01-03568-01,Audio/01-03568-01.mp3,8000,native_8khz,Male,unknown,unknown,unknown,unknown
01-03569-01,Audio/01-03569-01.mp3,8000,native_8khz,Male,Bihari,unknown,Bihar,unknown
01-03587-02,Audio/01-03587-02.mp3,8000,native_8khz,Male,unknown,unknown,unknown,unknown
01-03593-02,Audio/01-03593-02.mp3,8000,native_8khz,Male,Bihari,unknown,Bihar,unknown
01-03610-03,Audio/01-03610-03.mp3,8000,native_8khz,Male,unknown,unknown,unknown,unknown
01-03625-02,Audio/01-03625-02.mp3,8000,native_8khz,Male,Normal_hindi,unknown,unknown,inaudible
01-03662-01,Audio/01-03662-01.mp3,8000,native_8khz,Male,unknown,unknown,unknown,audio_jump
01-03670-03,Audio/01-03670-03.mp3,8000,native_8khz,unknown,unknown,unknown,unknown,unknown
01-03708-03,Audio/01-03708-03.mp3,8000,native_8khz,Male,Bihari,unknown,Bihar,unknown
01-03742-02,Audio/01-03742-02.mp3,8000,native_8khz,Male,Bihari,unknown,Bihar,unknown
01-03755-03,Audio/01-03755-03.mp3,8000,native_8khz,Male,unknown,unknown,unknown,unknown
01-03762-03,Audio/01-03762-03.mp3,8000,native_8khz,unknown,unknown,unknown,unknown,unknown
01-03767-03,Audio/01-03767-03.mp3,8000,native_8khz,Male,Bihari,unknown,Bihar,unknown
01-03777-03,Audio/01-03777-03.mp3,8000,native_8khz,Male,Bihari,unknown,Bihar,"audio_jump,inaudible"
01-03788-01,Audio/01-03788-01.mp3,8000,native_8khz,Male,unknown,unknown,unknown,unknown
01-03802-02,Audio/01-03802-02.mp3,8000,native_8khz,Male,unknown,unknown,unknown,audio_jump
01-03818-01,Audio/01-03818-01.mp3,8000,native_8khz,Male,unknown,unknown,unknown,unknown
01-03826-02,Audio/01-03826-02.mp3,8000,native_8khz,Male,unknown,unknown,unknown,unknown
01-03829-01,Audio/01-03829-01.mp3,8000,native_8khz,Male,unknown,unknown,unknown,inaudible
01-03839-01,Audio/01-03839-01.mp3,8000,native_8khz,Male,unknown,unknown,unknown,unknown
01-03845-01,Audio/01-03845-01.mp3,8000,native_8khz,Male,unknown,unknown,unknown,inaudible
01-03845-02,Audio/01-03845-02.mp3,8000,native_8khz,Male,unknown,unknown,unknown,inaudible
01-03859-02,Audio/01-03859-02.mp3,8000,native_8khz,unknown,unknown,unknown,unknown,unknown
01-03861-02,Audio/01-03861-02.mp3,8000,native_8khz,Female,unknown,unknown,unknown,unknown
01-03861-03,Audio/01-03861-03.mp3,8000,native_8khz,Female,unknown,unknown,unknown,unknown
01-03866-03,Audio/01-03866-03.mp3,8000,native_8khz,Male,unknown,unknown,unknown,unknown
01-03873-03,Audio/01-03873-03.mp3,8000,native_8khz,Male,unknown,unknown,unknown,unknown
01-03877-03,Audio/01-03877-03.mp3,8000,native_8khz,Male,unknown,unknown,unknown,inaudible
01-03886-01,Audio/01-03886-01.mp3,8000,native_8khz,Male,Bihari,unknown,Bihar,audio_jump
01-03891-03,Audio/01-03891-03.mp3,8000,native_8khz,Male,unknown,unknown,unknown,unknown
01-03894-02,Audio/01-03894-02.mp3,8000,native_8khz,Male,unknown,unknown,unknown,unknown
01-03896-01,Audio/01-03896-01.mp3,8000,native_8khz,Male,unknown,unknown,unknown,inaudible
01-03896-02,Audio/01-03896-02.mp3,8000,native_8khz,Male,unknown,unknown,unknown,unknown
01-03917-01,Audio/01-03917-01.mp3,8000,native_8khz,Male,unknown,unknown,unknown,unknown
01-03917-02,Audio/01-03917-02.mp3,8000,native_8khz,Male,unknown,unknown,unknown,unknown
01-03931-01,Audio/01-03931-01.mp3,8000,native_8khz,Male,unknown,unknown,unknown,unknown
01-03931-02,Audio/01-03931-02.mp3,8000,native_8khz,Male,unknown,unknown,unknown,unknown
01-03937-03,Audio/01-03937-03.mp3,8000,native_8khz,Male,unknown,unknown,unknown,unknown
01-03945-01,Audio/01-03945-01.mp3,8000,native_8khz,Male,Bihari,unknown,Bihar,inaudible
01-03955-02,Audio/01-03955-02.mp3,8000,native_8khz,Male,unknown,unknown,unknown,unknown
01-03956-01,Audio/01-03956-01.mp3,8000,native_8khz,Male,unknown,unknown,unknown,unknown
01-03961-03,Audio/01-03961-03.mp3,8000,native_8khz,Male,unknown,unknown,unknown,unknown
01-03966-03,Audio/01-03966-03.mp3,8000,native_8khz,Male,Bihari,unknown,Bihar,inaudible
01-03970-03,Audio/01-03970-03.mp3,8000,native_8khz,Female,unknown,unknown,unknown,unknown
01-03973-03,Audio/01-03973-03.mp3,8000,native_8khz,unknown,unknown,unknown,unknown,inaudible
01-03993-03,Audio/01-03993-03.mp3,8000,native_8khz,Male,unknown,unknown,unknown,unknown
01-04010-02,Audio/01-04010-02.mp3,8000,native_8khz,Female,Bihari,unknown,Bihar,unknown
01-04018-01,Audio/01-04018-01.mp3,8000,native_8khz,Male,unknown,unknown,unknown,unknown
01-04032-01,Audio/01-04032-01.mp3,8000,native_8khz,Male,unknown,unknown,unknown,unknown
01-04035-01,Audio/01-04035-01.mp3,8000,native_8khz,unknown,unknown,unknown,unknown,unknown
01-04035-02,Audio/01-04035-02.mp3,8000,native_8khz,Male,Bihari,unknown,Bihar,unknown
01-04045-01,Audio/01-04045-01.mp3,8000,native_8khz,Male,Bihari,unknown,Bihar,unknown
01-04078-03,Audio/01-04078-03.mp3,8000,native_8khz,Male,unknown,unknown,unknown,unknown
01-04084-01,Audio/01-04084-01.mp3,8000,native_8khz,Male,unknown,unknown,unknown,unknown
01-04087-03,Audio/01-04087-03.mp3,8000,native_8khz,Male,Bihari,unknown,Bihar,unknown
01-04100-03,Audio/01-04100-03.mp3,8000,native_8khz,Male,unknown,unknown,unknown,inaudible
01-04105-02,Audio/01-04105-02.mp3,8000,native_8khz,Male,Bihari,unknown,Bihar,audio_jump
01-04109-03,Audio/01-04109-03.mp3,8000,native_8khz,Male,Bihari,unknown,Bihar,audio_jump
01-04113-02,Audio/01-04113-02.mp3,8000,native_8khz,Male,unknown,unknown,unknown,unknown
01-04120-03,Audio/01-04120-03.mp3,8000,native_8khz,Male,Bihari,unknown,Bihar,unknown
01-04128-01,Audio/01-04128-01.mp3,8000,native_8khz,Male,unknown,unknown,unknown,audio_jump
01-04134-01,Audio/01-04134-01.mp3,8000,native_8khz,Male,unknown,unknown,unknown,audio_jump
01-04139-03,Audio/01-04139-03.mp3,8000,native_8khz,Male,Bihari,unknown,Bihar,unknown
01-04143-03,Audio/01-04143-03.mp3,8000,native_8khz,Male,Bihari,unknown,Bihar,unknown
01-04151-03,Audio/01-04151-03.mp3,8000,native_8khz,Male,Bihari,unknown,Bihar,unknown
01-04160-03,Audio/01-04160-03.mp3,8000,native_8khz,Male,unknown,unknown,unknown,"audio_jump,inaudible"
01-04170-01,Audio/01-04170-01.mp3,8000,native_8khz,Male,unknown,unknown,unknown,unknown
01-04172-01,Audio/01-04172-01.mp3,8000,native_8khz,Male,unknown,unknown,unknown,audio_jump
01-04172-02,Audio/01-04172-02.mp3,8000,native_8khz,Male,Bihari,unknown,Bihar,inaudible
01-04190-03,Audio/01-04190-03.mp3,8000,native_8khz,Male,Bihari,unknown,Bihar,inaudible
01-04192-02,Audio/01-04192-02.mp3,8000,native_8khz,Male,unknown,unknown,unknown,unknown
01-04196-02,Audio/01-04196-02.mp3,8000,native_8khz,Male,unknown,unknown,unknown,inaudible
01-04198-02,Audio/01-04198-02.mp3,8000,native_8khz,Male,Bihari,unknown,Bihar,unknown
01-04201-01,Audio/01-04201-01.mp3,8000,native_8khz,Male,unknown,unknown,unknown,unknown
01-04207-01,Audio/01-04207-01.mp3,8000,native_8khz,Male,Bihari,unknown,Bihar,unknown
01-04210-01,Audio/01-04210-01.mp3,8000,native_8khz,Male,unknown,unknown,unknown,unknown
01-04210-03,Audio/01-04210-03.mp3,8000,native_8khz,Male,unknown,unknown,unknown,unknown
01-04216-03,Audio/01-04216-03.mp3,8000,native_8khz,Male,unknown,unknown,unknown,unknown
01-04217-02,Audio/01-04217-02.mp3,8000,native_8khz,Male,unknown,unknown,unknown,"audio_jump,inaudible"
01-04228-02,Audio/01-04228-02.mp3,8000,native_8khz,Male,Bihari,unknown,Bihar,unknown
01-04231-02,Audio/01-04231-02.mp3,8000,native_8khz,Male,unknown,unknown,unknown,"audio_jump,inaudible"
01-04257-03,Audio/01-04257-03.mp3,8000,native_8khz,Male,Bihari,unknown,Bihar,"audio_jump,inaudible"
01-04271-02,Audio/01-04271-02.mp3,8000,native_8khz,Male,Bihari,unknown,Bihar,unknown
01-04280-01,Audio/01-04280-01.mp3,8000,native_8khz,Male,unknown,unknown,unknown,inaudible
01-04298-01,Audio/01-04298-01.mp3,8000,native_8khz,Male,Bihari,unknown,Bihar,unknown
01-04303-01,Audio/01-04303-01.mp3,8000,native_8khz,Male,unknown,unknown,unknown,"audio_jump,inaudible"
01-04303-03,Audio/01-04303-03.mp3,8000,native_8khz,Male,unknown,unknown,unknown,"audio_jump,inaudible"
01-04305-01,Audio/01-04305-01.mp3,8000,native_8khz,Male,Bihari,unknown,Bihar,inaudible
01-04315-02,Audio/01-04315-02.mp3,8000,native_8khz,Male,unknown,unknown,unknown,unknown
01-04319-01,Audio/01-04319-01.mp3,8000,native_8khz,Male,unknown,unknown,unknown,inaudible
01-04332-01,Audio/01-04332-01.mp3,8000,native_8khz,Male,Bihari,unknown,Bihar,audio_jump
01-04352-01,Audio/01-04352-01.mp3,8000,native_8khz,Male,Bihari,unknown,Bihar,unknown
01-04357-01,Audio/01-04357-01.mp3,8000,native_8khz,Female,unknown,unknown,unknown,unknown
01-04362-01,Audio/01-04362-01.mp3,8000,native_8khz,Male,unknown,unknown,unknown,unknown
01-04374-02,Audio/01-04374-02.mp3,8000,native_8khz,Male,Bihari,unknown,Bihar,unknown
01-04383-02,Audio/01-04383-02.mp3,8000,native_8khz,Male,unknown,unknown,unknown,inaudible
01-04387-02,Audio/01-04387-02.mp3,8000,native_8khz,Male,unknown,unknown,unknown,unknown
01-04388-02,Audio/01-04388-02.mp3,8000,native_8khz,Male,unknown,unknown,unknown,inaudible
01-04398-01,Audio/01-04398-01.mp3,8000,native_8khz,Male,unknown,unknown,unknown,unknown
01-04421-03,Audio/01-04421-03.mp3,8000,native_8khz,Male,Bihari,unknown,Bihar,unknown
01-04425-02,Audio/01-04425-02.mp3,8000,native_8khz,Male,Bihari,unknown,Bihar,unknown
01-04442-01,Audio/01-04442-01.mp3,8000,native_8khz,Male,Bihari,unknown,Bihar,audio_jump
01-04443-03,Audio/01-04443-03.mp3,8000,native_8khz,Male,Bihari,unknown,Bihar,inaudible
01-04451-02,Audio/01-04451-02.mp3,8000,native_8khz,Male,unknown,unknown,unknown,unknown
01-04460-03,Audio/01-04460-03.mp3,8000,native_8khz,Male,Bihari,unknown,Bihar,inaudible
01-04484-02,Audio/01-04484-02.mp3,8000,native_8khz,unknown,unknown,unknown,unknown,inaudible
01-04496-02,Audio/01-04496-02.mp3,8000,native_8khz,unknown,unknown,unknown,unknown,unknown
01-04516-03,Audio/01-04516-03.mp3,8000,native_8khz,Male,Bihari,unknown,Bihar,unknown
01-04528-02,Audio/01-04528-02.mp3,8000,native_8khz,Male,unknown,unknown,unknown,unknown
01-04536-03,Audio/01-04536-03.mp3,8000,native_8khz,Female,unknown,unknown,unknown,unknown
01-04547-01,Audio/01-04547-01.mp3,8000,native_8khz,Male,unknown,unknown,unknown,unknown
01-04548-03,Audio/01-04548-03.mp3,8000,native_8khz,Male,unknown,unknown,unknown,unknown
01-04552-03,Audio/01-04552-03.mp3,8000,native_8khz,Male,unknown,unknown,unknown,unknown
01-04575-01,Audio/01-04575-01.mp3,8000,native_8khz,Male,Bihari,unknown,Bihar,unknown
01-04585-01,Audio/01-04585-01.mp3,8000,native_8khz,Male,unknown,unknown,unknown,unknown
01-04610-01,Audio/01-04610-01.mp3,8000,native_8khz,Male,unknown,unknown,unknown,unknown
01-04612-01,Audio/01-04612-01.mp3,8000,native_8khz,Male,unknown,unknown,unknown,unknown
01-04629-01,Audio/01-04629-01.mp3,8000,native_8khz,Male,unknown,unknown,unknown,unknown
01-04630-01,Audio/01-04630-01.mp3,8000,native_8khz,Male,Bihari,unknown,Bihar,inaudible
01-04636-02,Audio/01-04636-02.mp3,8000,native_8khz,Male,unknown,unknown,unknown,unknown
01-04645-03,Audio/01-04645-03.mp3,8000,native_8khz,Male,Bihari,unknown,Bihar,unknown
01-04655-01,Audio/01-04655-01.mp3,8000,native_8khz,Male,unknown,unknown,unknown,unknown
01-04657-03,Audio/01-04657-03.mp3,8000,native_8khz,Male,Bihari,unknown,Bihar,unknown
01-04668-02,Audio/01-04668-02.mp3,8000,native_8khz,Female,unknown,unknown,unknown,unknown
01-04670-03,Audio/01-04670-03.mp3,8000,native_8khz,Female,Bihari,unknown,Bihar,inaudible
01-04674-01,Audio/01-04674-01.mp3,8000,native_8khz,Male,unknown,unknown,unknown,unknown
01-04677-02,Audio/01-04677-02.mp3,8000,native_8khz,Male,Bihari,unknown,Bihar,unknown
01-04698-01,Audio/01-04698-01.mp3,8000,native_8khz,Male,unknown,unknown,unknown,unknown
01-04700-01,Audio/01-04700-01.mp3,8000,native_8khz,Male,Bihari,unknown,Bihar,unknown
01-04711-02,Audio/01-04711-02.mp3,8000,native_8khz,Male,Bihari,unknown,Bihar,unknown
01-04717-03,Audio/01-04717-03.mp3,8000,native_8khz,Male,Bihari,unknown,Bihar,unknown
01-04721-02,Audio/01-04721-02.mp3,8000,native_8khz,Male,Bihari,unknown,Bihar,unknown
01-04755-02,Audio/01-04755-02.mp3,8000,native_8khz,Male,unknown,unknown,unknown,unknown
01-04757-03,Audio/01-04757-03.mp3,8000,native_8khz,Male,Bihari,unknown,Bihar,inaudible
01-04764-02,Audio/01-04764-02.mp3,8000,native_8khz,Male,unknown,unknown,unknown,unknown
01-04764-03,Audio/01-04764-03.mp3,8000,native_8khz,Male,unknown,unknown,unknown,not_clear
01-04768-03,Audio/01-04768-03.mp3,8000,native_8khz,unknown,unknown,unknown,unknown,inaudible
01-04769-01,Audio/01-04769-01.mp3,8000,native_8khz,Male,Bihari,unknown,Bihar,unknown
01-04799-03,Audio/01-04799-03.mp3,8000,native_8khz,unknown,unknown,unknown,unknown,unknown
01-04807-01,Audio/01-04807-01.mp3,8000,native_8khz,Male,Bihari,unknown,Bihar,inaudible
01-04809-01,Audio/01-04809-01.mp3,8000,native_8khz,Male,unknown,unknown,unknown,inaudible
01-04825-03,Audio/01-04825-03.mp3,8000,native_8khz,Male,Bihari,unknown,Bihar,inaudible
01-04837-02,Audio/01-04837-02.mp3,8000,native_8khz,unknown,unknown,unknown,unknown,inaudible
01-04866-01,Audio/01-04866-01.mp3,8000,native_8khz,Male,unknown,unknown,unknown,inaudible
01-04891-02,Audio/01-04891-02.mp3,8000,native_8khz,Male,unknown,unknown,unknown,inaudible
01-04898-01,Audio/01-04898-01.mp3,8000,native_8khz,Male,unknown,unknown,unknown,unknown
01-04900-02,Audio/01-04900-02.mp3,8000,native_8khz,Male,Bihari,unknown,Bihar,unknown
01-04914-02,Audio/01-04914-02.mp3,8000,native_8khz,Female,Bihari,unknown,Bihar,inaudible
01-04918-02,Audio/01-04918-02.mp3,8000,native_8khz,Male,Bihari,unknown,Bihar,unknown
01-04935-02,Audio/01-04935-02.mp3,8000,native_8khz,Male,Bihari,unknown,Bihar,unknown
01-04945-03,Audio/01-04945-03.mp3,8000,native_8khz,unknown,unknown,unknown,unknown,unknown
01-04950-02,Audio/01-04950-02.mp3,8000,native_8khz,Male,unknown,unknown,unknown,unknown
01-04958-01,Audio/01-04958-01.mp3,8000,native_8khz,Male,unknown,unknown,unknown,unknown
01-04959-01,Audio/01-04959-01.mp3,8000,native_8khz,Male,Bihari,unknown,Bihar,inaudible
01-04963-01,Audio/01-04963-01.mp3,8000,native_8khz,Male,Bihari,unknown,Bihar,inaudible
01-04963-02,Audio/01-04963-02.mp3,8000,native_8khz,Male,Bihari,unknown,Bihar,unknown
01-04972-01,Audio/01-04972-01.mp3,8000,native_8khz,Male,unknown,unknown,unknown,audio_jump
01-04973-03,Audio/01-04973-03.mp3,8000,native_8khz,Male,Bihari,unknown,Bihar,unknown
01-04976-03,Audio/01-04976-03.mp3,8000,native_8khz,Male,unknown,unknown,unknown,inaudible
01-04982-03,Audio/01-04982-03.mp3,8000,native_8khz,Male,unknown,unknown,unknown,unknown
01-04986-03,Audio/01-04986-03.mp3,8000,native_8khz,Male,unknown,unknown,unknown,inaudible
01-05033-02,Audio/01-05033-02.mp3,8000,native_8khz,Male,unknown,unknown,unknown,unknown
01-05033-03,Audio/01-05033-03.mp3,8000,native_8khz,Male,unknown,unknown,unknown,inaudible
01-05042-01,Audio/01-05042-01.mp3,8000,native_8khz,Male,Bihari,unknown,Bihar,unknown
01-05043-01,Audio/01-05043-01.mp3,8000,native_8khz,Male,unknown,unknown,unknown,unknown
01-05080-01,Audio/01-05080-01.mp3,8000,native_8khz,Male,Bihari,unknown,Bihar,unknown
01-05083-02,Audio/01-05083-02.mp3,8000,native_8khz,Male,unknown,unknown,unknown,inaudible
01-05086-01,Audio/01-05086-01.mp3,8000,native_8khz,Male,unknown,unknown,unknown,unknown
01-05097-01,Audio/01-05097-01.mp3,8000,native_8khz,unknown,unknown,unknown,unknown,unknown
01-05111-02,Audio/01-05111-02.mp3,8000,native_8khz,Male,unknown,unknown,unknown,unknown
01-05119-01,Audio/01-05119-01.mp3,8000,native_8khz,Male,Bihari,unknown,Bihar,audio_jump
01-05123-03,Audio/01-05123-03.mp3,8000,native_8khz,Male,unknown,unknown,unknown,unknown
01-05139-02,Audio/01-05139-02.mp3,8000,native_8khz,Male,unknown,unknown,unknown,unknown
01-05153-02,Audio/01-05153-02.mp3,8000,native_8khz,Male,Bihari,unknown,Bihar,unknown
01-05159-03,Audio/01-05159-03.mp3,8000,native_8khz,unknown,unknown,unknown,unknown,inaudible
01-05167-03,Audio/01-05167-03.mp3,8000,native_8khz,Male,unknown,unknown,unknown,inaudible
01-05173-02,Audio/01-05173-02.mp3,8000,native_8khz,Male,unknown,unknown,unknown,unknown
01-05180-03,Audio/01-05180-03.mp3,8000,native_8khz,Male,unknown,unknown,unknown,unknown
01-05181-02,Audio/01-05181-02.mp3,8000,native_8khz,Male,Bihari,unknown,Bihar,unknown
01-05181-03,Audio/01-05181-03.mp3,8000,native_8khz,Male,Bihari,unknown,Bihar,inaudible
01-05184-03,Audio/01-05184-03.mp3,8000,native_8khz,unknown,unknown,unknown,unknown,inaudible
01-05189-03,Audio/01-05189-03.mp3,8000,native_8khz,Male,Bihari,unknown,Bihar,unknown
01-05191-01,Audio/01-05191-01.mp3,8000,native_8khz,unknown,unknown,unknown,unknown,unknown
01-05198-02,Audio/01-05198-02.mp3,8000,native_8khz,Male,Bihari,unknown,Bihar,unknown
01-05202-02,Audio/01-05202-02.mp3,8000,native_8khz,Male,unknown,unknown,unknown,unknown
01-05220-03,Audio/01-05220-03.mp3,8000,native_8khz,Male,unknown,unknown,unknown,unknown
01-05227-03,Audio/01-05227-03.mp3,8000,native_8khz,Male,Bihari,unknown,Bihar,unknown
01-05238-02,Audio/01-05238-02.mp3,8000,native_8khz,Male,unknown,unknown,unknown,unknown
01-05241-01,Audio/01-05241-01.mp3,8000,native_8khz,Male,unknown,unknown,unknown,inaudible
01-05243-02,Audio/01-05243-02.mp3,8000,native_8khz,Male,Bihari,unknown,Bihar,inaudible
01-05256-02,Audio/01-05256-02.mp3,8000,native_8khz,Female,Bihari,unknown,Bihar,"audio_break,inaudible"
01-05264-01,Audio/01-05264-01.mp3,8000,native_8khz,Male,Bihari,unknown,Bihar,unknown
01-05268-01,Audio/01-05268-01.mp3,8000,native_8khz,Male,Bihari,unknown,Bihar,unknown
01-05269-02,Audio/01-05269-02.mp3,8000,native_8khz,Male,unknown,unknown,unknown,unknown
01-05285-02,Audio/01-05285-02.mp3,8000,native_8khz,Male,Bihari,unknown,Bihar,unknown
01-05292-01,Audio/01-05292-01.mp3,8000,native_8khz,unknown,unknown,unknown,unknown,unknown
01-05298-01,Audio/01-05298-01.mp3,8000,native_8khz,Male,unknown,unknown,unknown,audio_jump
01-05300-01,Audio/01-05300-01.mp3,8000,native_8khz,Male,unknown,unknown,unknown,unknown
01-05300-02,Audio/01-05300-02.mp3,8000,native_8khz,Male,unknown,unknown,unknown,unknown
01-05304-02,Audio/01-05304-02.mp3,8000,native_8khz,Male,Bihari,unknown,Bihar,unknown
01-05305-01,Audio/01-05305-01.mp3,8000,native_8khz,Male,Bihari,unknown,Bihar,inaudible
01-05322-01,Audio/01-05322-01.mp3,8000,native_8khz,Male,unknown,unknown,unknown,unknown
01-05325-01,Audio/01-05325-01.mp3,8000,native_8khz,Male,Bihari,unknown,Bihar,unknown
01-05334-01,Audio/01-05334-01.mp3,8000,native_8khz,Male,unknown,unknown,unknown,unknown
01-05340-01,Audio/01-05340-01.mp3,8000,native_8khz,Male,Bihari,unknown,Bihar,unknown
01-05356-02,Audio/01-05356-02.mp3,44100,higher_rate,Male,Bihari,unknown,Bihar,unknown
01-05364-03,Audio/01-05364-03.mp3,8000,native_8khz,Male,unknown,unknown,unknown,unknown
01-05388-03,Audio/01-05388-03.mp3,8000,native_8khz,Male,unknown,unknown,unknown,unknown
01-05420-02,Audio/01-05420-02.mp3,8000,native_8khz,Male,unknown,unknown,unknown,inaudible
01-05425-01,Audio/01-05425-01.mp3,8000,native_8khz,Male,unknown,unknown,unknown,unknown
01-05431-01,Audio/01-05431-01.mp3,8000,native_8khz,Male,Bihari,unknown,Bihar,unknown
01-05438-03,Audio/01-05438-03.mp3,8000,native_8khz,Male,Bihari,unknown,Bihar,inaudible
01-05439-02,Audio/01-05439-02.mp3,8000,native_8khz,Male,Bihari,unknown,Bihar,inaudible
01-05454-01,Audio/01-05454-01.mp3,8000,native_8khz,Male,Bihari,unknown,Bihar,unknown
01-05462-02,Audio/01-05462-02.mp3,8000,native_8khz,Male,unknown,unknown,unknown,unknown
01-05477-01,Audio/01-05477-01.mp3,8000,native_8khz,Male,Bihari,unknown,Bihar,unknown
01-05512-03,Audio/01-05512-03.mp3,8000,native_8khz,unknown,unknown,unknown,unknown,unknown
01-05544-01,Audio/01-05544-01.mp3,8000,native_8khz,Male,Bihari,unknown,Bihar,"audio_jump,inaudible"
01-05551-02,Audio/01-05551-02.mp3,8000,native_8khz,Male,Bihari,unknown,Bihar,audio_jump
01-05564-03,Audio/01-05564-03.mp3,44100,higher_rate,Male,Bihari,unknown,Bihar,unknown
01-05579-02,Audio/01-05579-02.mp3,8000,native_8khz,Male,unknown,unknown,unknown,unknown
01-05580-01,Audio/01-05580-01.mp3,8000,native_8khz,unknown,unknown,unknown,unknown,unknown
01-05589-03,Audio/01-05589-03.mp3,8000,native_8khz,Male,unknown,unknown,unknown,unknown
01-05600-03,Audio/01-05600-03.mp3,8000,native_8khz,unknown,unknown,unknown,unknown,unknown
01-05603-01,Audio/01-05603-01.mp3,8000,native_8khz,Male,unknown,unknown,unknown,inaudible
01-05605-03,Audio/01-05605-03.mp3,8000,native_8khz,Male,Bihari,unknown,Bihar,unknown
01-05607-01,Audio/01-05607-01.mp3,8000,native_8khz,Male,Bihari,unknown,Bihar,unknown
01-05635-01,Audio/01-05635-01.mp3,8000,native_8khz,Male,unknown,unknown,unknown,unknown
01-05639-03,Audio/01-05639-03.mp3,8000,native_8khz,Male,unknown,unknown,unknown,unknown
01-05648-02,Audio/01-05648-02.mp3,8000,native_8khz,Male,Bihari,unknown,Bihar,inaudible
01-05679-01,Audio/01-05679-01.mp3,8000,native_8khz,Male,unknown,unknown,unknown,unknown
01-05679-03,Audio/01-05679-03.mp3,8000,native_8khz,Male,unknown,unknown,unknown,unknown
01-05683-01,Audio/01-05683-01.mp3,8000,native_8khz,Male,unknown,unknown,unknown,inaudible
01-05686-02,Audio/01-05686-02.mp3,8000,native_8khz,unknown,unknown,unknown,unknown,unknown
01-05690-01,Audio/01-05690-01.mp3,8000,native_8khz,Male,Bihari,unknown,Bihar,unknown
01-05698-02,Audio/01-05698-02.mp3,8000,native_8khz,Male,unknown,unknown,unknown,unknown
01-05701-01,Audio/01-05701-01.mp3,8000,native_8khz,Male,unknown,unknown,unknown,inaudible
01-05705-02,Audio/01-05705-02.mp3,8000,native_8khz,Male,Bihari,unknown,Bihar,unknown
01-05724-03,Audio/01-05724-03.mp3,8000,native_8khz,Male,unknown,unknown,unknown,unknown
01-05728-02,Audio/01-05728-02.mp3,8000,native_8khz,unknown,unknown,unknown,unknown,inaudible
01-05745-03,Audio/01-05745-03.mp3,8000,native_8khz,Male,unknown,unknown,unknown,unknown
01-05748-03,Audio/01-05748-03.mp3,8000,native_8khz,Male,unknown,unknown,unknown,unknown
01-05754-01,Audio/01-05754-01.mp3,8000,native_8khz,Male,Bihari,unknown,Bihar,unknown
01-05765-01,Audio/01-05765-01.mp3,8000,native_8khz,Male,unknown,unknown,unknown,inaudible
01-05777-01,Audio/01-05777-01.mp3,8000,native_8khz,Male,unknown,unknown,unknown,unknown
01-05778-03,Audio/01-05778-03.mp3,8000,native_8khz,Male,unknown,unknown,unknown,unknown
01-05779-03,Audio/01-05779-03.mp3,8000,native_8khz,Male,unknown,unknown,unknown,unknown
01-05789-02,Audio/01-05789-02.mp3,8000,native_8khz,unknown,unknown,unknown,unknown,inaudible
01-05803-01,Audio/01-05803-01.mp3,8000,native_8khz,Male,unknown,unknown,unknown,unknown
01-05815-03,Audio/01-05815-03.mp3,8000,native_8khz,Male,Bihari,unknown,Bihar,inaudible
01-05816-03,Audio/01-05816-03.mp3,8000,native_8khz,Male,Bihari,unknown,Bihar,inaudible
01-05855-02,Audio/01-05855-02.mp3,8000,native_8khz,Male,unknown,unknown,unknown,unknown
01-05855-03,Audio/01-05855-03.mp3,8000,native_8khz,Male,unknown,unknown,unknown,unknown
01-05864-03,Audio/01-05864-03.mp3,8000,native_8khz,Male,unknown,unknown,unknown,unknown
01-05913-02,Audio/01-05913-02.mp3,8000,native_8khz,Male,Bihari,unknown,Bihar,unknown
01-05919-03,Audio/01-05919-03.mp3,8000,native_8khz,Male,Bihari,unknown,Bihar,inaudible
01-05920-03,Audio/01-05920-03.mp3,44100,higher_rate,Male,Bihari,unknown,Bihar,unknown
01-05921-03,Audio/01-05921-03.mp3,44100,higher_rate,Female,unknown,unknown,unknown,unknown
01-05925-02,Audio/01-05925-02.mp3,44100,higher_rate,Female,unknown,unknown,unknown,unknown
01-05948-02,Audio/01-05948-02.mp3,8000,native_8khz,Male,unknown,unknown,unknown,inaudible
01-05952-01,Audio/01-05952-01.mp3,8000,native_8khz,Male,unknown,unknown,unknown,unknown
01-05956-03,Audio/01-05956-03.mp3,8000,native_8khz,Male,unknown,unknown,unknown,unknown
01-05962-02,Audio/01-05962-02.mp3,8000,native_8khz,Male,unknown,unknown,unknown,inaudible
01-05962-03,Audio/01-05962-03.mp3,8000,native_8khz,Male,unknown,unknown,unknown,unknown
01-05991-01,Audio/01-05991-01.mp3,8000,native_8khz,Male,unknown,unknown,unknown,unknown
01-05993-02,Audio/01-05993-02.mp3,8000,native_8khz,Male,Bihari,unknown,Bihar,unknown
01-05999-01,Audio/01-05999-01.mp3,8000,native_8khz,Male,Bihari,unknown,Bihar,inaudible
01-06005-03,Audio/01-06005-03.mp3,8000,native_8khz,Male,Bihari,unknown,Bihar,unknown
01-06025-03,Audio/01-06025-03.mp3,8000,native_8khz,Male,Bihari,unknown,Bihar,unknown
01-06027-01,Audio/01-06027-01.mp3,8000,native_8khz,Male,Bihari,unknown,Bihar,unknown
01-06032-01,Audio/01-06032-01.mp3,8000,native_8khz,Male,unknown,unknown,unknown,unknown
01-06045-02,Audio/01-06045-02.mp3,8000,native_8khz,Male,unknown,unknown,unknown,unknown
01-06046-02,Audio/01-06046-02.mp3,8000,native_8khz,Male,unknown,unknown,unknown,unknown
01-06062-02,Audio/01-06062-02.mp3,8000,native_8khz,Male,unknown,unknown,unknown,unknown
01-06065-02,Audio/01-06065-02.mp3,8000,native_8khz,Male,Bihari,unknown,Bihar,inaudible
01-06074-03,Audio/01-06074-03.mp3,8000,native_8khz,Male,unknown,unknown,unknown,unknown
01-06085-01,Audio/01-06085-01.mp3,8000,native_8khz,Male,Bihari,unknown,Bihar,unknown
01-06088-02,Audio/01-06088-02.mp3,8000,native_8khz,Male,unknown,unknown,unknown,inaudible
01-06097-02,Audio/01-06097-02.mp3,8000,native_8khz,Male,Bihari,unknown,Bihar,unknown
01-06107-03,Audio/01-06107-03.mp3,8000,native_8khz,Male,Bihari,unknown,Bihar,unknown
01-06109-02,Audio/01-06109-02.mp3,8000,native_8khz,Male,Bihari,unknown,Bihar,unknown
01-06110-03,Audio/01-06110-03.mp3,8000,native_8khz,Male,unknown,unknown,unknown,"audio_jump,inaudible"
01-06111-01,Audio/01-06111-01.mp3,8000,native_8khz,Male,unknown,unknown,unknown,unknown
01-06113-03,Audio/01-06113-03.mp3,8000,native_8khz,Male,Bihari,unknown,Bihar,unknown
01-06114-03,Audio/01-06114-03.mp3,8000,native_8khz,Male,Bihari,unknown,Bihar,unknown
01-06115-02,Audio/01-06115-02.mp3,8000,native_8khz,unknown,unknown,unknown,unknown,unknown
01-06118-03,Audio/01-06118-03.mp3,8000,native_8khz,Male,Bihari,unknown,Bihar,"audio_jump,inaudible"
01-06155-01,Audio/01-06155-01.mp3,8000,native_8khz,Male,Bihari,unknown,Bihar,"audio_jump,inaudible"
01-06176-01,Audio/01-06176-01.mp3,8000,native_8khz,Male,unknown,unknown,unknown,"audio_jump,inaudible"
01-06177-01,Audio/01-06177-01.mp3,8000,native_8khz,Male,unknown,unknown,unknown,unknown
01-06179-01,Audio/01-06179-01.mp3,8000,native_8khz,Male,unknown,unknown,unknown,inaudible
01-06187-03,Audio/01-06187-03.mp3,44100,higher_rate,Male,unknown,unknown,unknown,"audio_jump,inaudible"
01-06215-02,Audio/01-06215-02.mp3,8000,native_8khz,Male,Bihari,unknown,Bihar,unknown
01-06230-01,Audio/01-06230-01.mp3,8000,native_8khz,Male,unknown,unknown,unknown,unknown
01-06239-02,Audio/01-06239-02.mp3,8000,native_8khz,Male,Bihari,unknown,Bihar,unknown
01-06247-02,Audio/01-06247-02.mp3,8000,native_8khz,Male,unknown,unknown,unknown,unknown
01-06248-03,Audio/01-06248-03.mp3,8000,native_8khz,Male,unknown,unknown,unknown,inaudible
01-06265-02,Audio/01-06265-02.mp3,48000,higher_rate,Male,unknown,unknown,unknown,unknown
01-06278-03,Audio/01-06278-03.mp3,48000,higher_rate,Female,unknown,unknown,unknown,audio_jump
01-06279-03,Audio/01-06279-03.mp3,48000,higher_rate,Male,Bihari,unknown,Bihar,inaudible
01-06295-02,Audio/01-06295-02.mp3,8000,native_8khz,Male,unknown,unknown,unknown,inaudible
01-06311-03,Audio/01-06311-03.mp3,8000,native_8khz,Male,Bihari,unknown,Bihar,inaudible
01-06314-01,Audio/01-06314-01.mp3,8000,native_8khz,Male,Bihari,unknown,Bihar,inaudible
01-06317-03,Audio/01-06317-03.mp3,8000,native_8khz,Male,Bihari,unknown,Bihar,audio_jump
01-06324-03,Audio/01-06324-03.mp3,8000,native_8khz,Male,unknown,unknown,unknown,inaudible
01-06336-03,Audio/01-06336-03.mp3,48000,higher_rate,Female,Bihari,unknown,Bihar,unknown
01-06342-02,Audio/01-06342-02.mp3,48000,higher_rate,Male,Bihari,unknown,Bihar,unknown
01-06348-03,Audio/01-06348-03.mp3,48000,higher_rate,Male,Bihari,unknown,Bihar,unknown
01-06360-01,Audio/01-06360-01.mp3,8000,native_8khz,Male,unknown,unknown,unknown,unknown
01-06383-03,Audio/01-06383-03.mp3,8000,native_8khz,Male,unknown,unknown,unknown,unknown
01-06385-01,Audio/01-06385-01.mp3,8000,native_8khz,Male,unknown,unknown,unknown,"audio_jump,inaudible"
01-06393-02,Audio/01-06393-02.mp3,8000,native_8khz,Male,unknown,unknown,unknown,unknown
01-06399-01,Audio/01-06399-01.mp3,8000,native_8khz,Male,Bihari,unknown,Bihar,unknown
01-06415-01,Audio/01-06415-01.mp3,8000,native_8khz,Male,Bihari,unknown,Bihar,unknown
01-06417-02,Audio/01-06417-02.mp3,8000,native_8khz,Male,unknown,unknown,unknown,inaudible
01-06423-03,Audio/01-06423-03.mp3,8000,native_8khz,Male,unknown,unknown,unknown,inaudible
01-06429-03,Audio/01-06429-03.mp3,8000,native_8khz,Male,unknown,unknown,unknown,inaudible
01-06431-03,Audio/01-06431-03.mp3,8000,native_8khz,Male,unknown,unknown,unknown,inaudible
01-06439-02,Audio/01-06439-02.mp3,8000,native_8khz,Male,Bihari,unknown,Bihar,inaudible
01-06447-01,Audio/01-06447-01.mp3,8000,native_8khz,Male,Bihari,unknown,Bihar,inaudible
01-06447-02,Audio/01-06447-02.mp3,8000,native_8khz,Male,Bihari,unknown,Bihar,audio_jump
01-06465-02,Audio/01-06465-02.mp3,8000,native_8khz,Male,Bihari,unknown,Bihar,inaudible
01-06470-01,Audio/01-06470-01.mp3,44100,higher_rate,Male,Bihari,unknown,Bihar,unknown
01-06470-02,Audio/01-06470-02.mp3,44100,higher_rate,Male,Bihari,unknown,Bihar,unknown
01-06477-02,Audio/01-06477-02.mp3,8000,native_8khz,Male,Bihari,unknown,Bihar,unknown
01-06490-01,Audio/01-06490-01.mp3,8000,native_8khz,Male,Bihari,unknown,Bihar,unknown
01-06491-02,Audio/01-06491-02.mp3,8000,native_8khz,Male,unknown,unknown,unknown,unknown
01-06508-01,Audio/01-06508-01.mp3,8000,native_8khz,Male,Bihari,unknown,Bihar,inaudible
01-06518-03,Audio/01-06518-03.mp3,8000,native_8khz,Male,Bihari,unknown,Bihar,unknown
01-06523-02,Audio/01-06523-02.mp3,8000,native_8khz,Male,Bihari,unknown,Bihar,unknown
01-06524-02,Audio/01-06524-02.mp3,8000,native_8khz,Male,Bihari,unknown,Bihar,inaudible
01-06531-03,Audio/01-06531-03.mp3,8000,native_8khz,Male,unknown,unknown,unknown,unknown
01-06532-02,Audio/01-06532-02.mp3,8000,native_8khz,Male,unknown,unknown,unknown,unknown
01-06538-03,Audio/01-06538-03.mp3,8000,native_8khz,Male,unknown,unknown,unknown,inaudible
01-06547-03,Audio/01-06547-03.mp3,8000,native_8khz,Male,unknown,unknown,unknown,inaudible
01-06549-02,Audio/01-06549-02.mp3,8000,native_8khz,Male,unknown,unknown,unknown,unknown
01-06568-03,Audio/01-06568-03.mp3,8000,native_8khz,Male,unknown,unknown,unknown,inaudible
01-06578-02,Audio/01-06578-02.mp3,8000,native_8khz,Male,unknown,unknown,unknown,"audio_jump,inaudible"
01-06602-01,Audio/01-06602-01.mp3,8000,native_8khz,Male,Bihari,unknown,Bihar,unknown
01-06604-01,Audio/01-06604-01.mp3,8000,native_8khz,Male,Bihari,unknown,Bihar,unknown
01-06609-02,Audio/01-06609-02.mp3,8000,native_8khz,Male,Bihari,unknown,Bihar,unknown
01-06631-02,Audio/01-06631-02.mp3,8000,native_8khz,Male,unknown,unknown,unknown,unknown
01-06643-02,Audio/01-06643-02.mp3,8000,native_8khz,Male,unknown,unknown,unknown,unknown
01-06652-02,Audio/01-06652-02.mp3,8000,native_8khz,Male,Bihari,unknown,Bihar,inaudible
01-06653-01,Audio/01-06653-01.mp3,8000,native_8khz,Male,unknown,unknown,unknown,unknown
01-06679-03,Audio/01-06679-03.mp3,8000,native_8khz,Male,Bihari,unknown,Bihar,inaudible
01-06685-01,Audio/01-06685-01.mp3,8000,native_8khz,Male,unknown,unknown,unknown,unknown
01-06693-02,Audio/01-06693-02.mp3,8000,native_8khz,Male,unknown,unknown,unknown,inaudible
01-06694-01,Audio/01-06694-01.mp3,8000,native_8khz,Male,Bhojpuri,unknown,unknown,inaudible
01-06699-02,Audio/01-06699-02.mp3,8000,native_8khz,Male,Bihari,unknown,Bihar,unknown
01-06701-02,Audio/01-06701-02.mp3,8000,native_8khz,Male,unknown,unknown,unknown,unknown
01-06705-02,Audio/01-06705-02.mp3,8000,native_8khz,Male,unknown,unknown,unknown,unknown
01-06707-02,Audio/01-06707-02.mp3,8000,native_8khz,Male,unknown,unknown,unknown,unknown
01-06712-02,Audio/01-06712-02.mp3,8000,native_8khz,Male,Bihari,unknown,Bihar,inaudible
01-06743-02,Audio/01-06743-02.mp3,8000,native_8khz,Male,unknown,unknown,unknown,inaudible
01-06746-02,Audio/01-06746-02.mp3,8000,native_8khz,Male,unknown,unknown,unknown,unknown
01-06773-02,Audio/01-06773-02.mp3,8000,native_8khz,Male,unknown,unknown,unknown,unknown
01-06773-03,Audio/01-06773-03.mp3,8000,native_8khz,Male,unknown,unknown,unknown,unknown
01-06783-02,Audio/01-06783-02.mp3,8000,native_8khz,Male,unknown,unknown,unknown,unknown
01-06792-01,Audio/01-06792-01.mp3,8000,native_8khz,Male,Bihari,unknown,Bihar,unknown
01-06830-01,Audio/01-06830-01.mp3,8000,native_8khz,Male,unknown,unknown,unknown,inaudible
01-06843-01,Audio/01-06843-01.mp3,48000,higher_rate,Male,Bihari,unknown,Bihar,unknown
01-06847-02,Audio/01-06847-02.mp3,8000,native_8khz,Male,Bihari,unknown,Bihar,unknown
01-06854-01,Audio/01-06854-01.mp3,8000,native_8khz,Male,unknown,unknown,unknown,unknown
01-06854-03,Audio/01-06854-03.mp3,8000,native_8khz,Male,unknown,unknown,unknown,unknown
01-06857-02,Audio/01-06857-02.mp3,8000,native_8khz,Male,unknown,unknown,Bihar,unknown
01-06858-02,Audio/01-06858-02.mp3,8000,native_8khz,Male,unknown,unknown,unknown,inaudible
01-06867-01,Audio/01-06867-01.mp3,8000,native_8khz,Male,unknown,unknown,unknown,unknown
01-06867-02,Audio/01-06867-02.mp3,8000,native_8khz,Male,unknown,unknown,unknown,inaudible
01-06873-01,Audio/01-06873-01.mp3,8000,native_8khz,Male,unknown,unknown,unknown,inaudible
01-06877-01,Audio/01-06877-01.mp3,8000,native_8khz,Male,unknown,unknown,unknown,unknown
01-06877-02,Audio/01-06877-02.mp3,8000,native_8khz,Male,unknown,unknown,unknown,inaudible
01-06879-01,Audio/01-06879-01.mp3,8000,native_8khz,Male,Bihari,unknown,Bihar,unknown
01-06894-01,Audio/01-06894-01.mp3,8000,native_8khz,Male,unknown,unknown,unknown,unknown
01-06903-03,Audio/01-06903-03.mp3,8000,native_8khz,Male,unknown,unknown,unknown,unknown
01-06919-01,Audio/01-06919-01.mp3,8000,native_8khz,Male,unknown,unknown,unknown,unknown
01-06930-02,Audio/01-06930-02.mp3,8000,native_8khz,Male,unknown,unknown,unknown,unknown
01-06937-01,Audio/01-06937-01.mp3,8000,native_8khz,Male,Bihari,unknown,Bihar,unknown
01-06944-02,Audio/01-06944-02.mp3,8000,native_8khz,Male,unknown,unknown,unknown,inaudible
01-06951-03,Audio/01-06951-03.mp3,8000,native_8khz,Male,unknown,unknown,unknown,inaudible
01-06969-01,Audio/01-06969-01.mp3,8000,native_8khz,unknown,unknown,unknown,unknown,unknown
01-06979-01,Audio/01-06979-01.mp3,8000,native_8khz,Female,Bihari,unknown,Bihar,unknown
01-06986-03,Audio/01-06986-03.mp3,8000,native_8khz,Male,unknown,unknown,unknown,unknown
01-07007-02,Audio/01-07007-02.mp3,8000,native_8khz,Male,unknown,unknown,unknown,audio_jump
01-07011-01,Audio/01-07011-01.mp3,8000,native_8khz,Male,unknown,unknown,unknown,unknown
01-07031-03,Audio/01-07031-03.mp3,8000,native_8khz,Male,unknown,unknown,unknown,unknown
01-07043-03,Audio/01-07043-03.mp3,8000,native_8khz,Male,unknown,unknown,unknown,"audio_jump,inaudible"
01-07045-01,Audio/01-07045-01.mp3,8000,native_8khz,Male,unknown,unknown,unknown,unknown
01-07047-03,Audio/01-07047-03.mp3,8000,native_8khz,Male,unknown,unknown,unknown,inaudible
01-07062-03,Audio/01-07062-03.mp3,8000,native_8khz,Male,Bihari,unknown,Bihar,audio_jump
01-07066-01,Audio/01-07066-01.mp3,8000,native_8khz,Male,unknown,unknown,unknown,unknown
01-07075-03,Audio/01-07075-03.mp3,8000,native_8khz,Male,unknown,unknown,unknown,not_clear
01-07079-01,Audio/01-07079-01.mp3,8000,native_8khz,Male,Bihari,unknown,Bihar,unknown
01-07080-02,Audio/01-07080-02.mp3,8000,native_8khz,Male,Bihari,unknown,Bihar,unknown
01-07092-01,Audio/01-07092-01.mp3,8000,native_8khz,Male,Bihari,unknown,Bihar,unknown
01-07096-02,Audio/01-07096-02.mp3,8000,native_8khz,Male,unknown,unknown,unknown,unknown
01-07108-01,Audio/01-07108-01.mp3,8000,native_8khz,Male,Bhojpuri,unknown,unknown,unknown
01-07114-01,Audio/01-07114-01.mp3,8000,native_8khz,Male,unknown,unknown,unknown,unknown
01-07117-01,Audio/01-07117-01.mp3,8000,native_8khz,Male,unknown,unknown,unknown,unknown
01-07141-02,Audio/01-07141-02.mp3,44100,higher_rate,Male,unknown,unknown,unknown,unknown
01-07150-02,Audio/01-07150-02.mp3,8000,native_8khz,unknown,unknown,unknown,unknown,inaudible
01-07158-03,Audio/01-07158-03.mp3,8000,native_8khz,Male,Bihari,unknown,Bihar,audio_jump
01-07164-01,Audio/01-07164-01.mp3,8000,native_8khz,Male,unknown,unknown,unknown,unknown
01-07175-03,Audio/01-07175-03.mp3,8000,native_8khz,Male,Bihari,unknown,Bihar,unknown
01-07176-01,Audio/01-07176-01.mp3,8000,native_8khz,Male,Bihari,unknown,Bihar,"audio_jump,inaudible"
01-07182-02,Audio/01-07182-02.mp3,8000,native_8khz,Male,Bihari,unknown,Bihar,unknown
01-07190-01,Audio/01-07190-01.mp3,8000,native_8khz,Male,Bihari,unknown,Bihar,unknown
01-07205-03,Audio/01-07205-03.mp3,8000,native_8khz,Male,Bihari,unknown,Bihar,inaudible
01-07220-01,Audio/01-07220-01.mp3,8000,native_8khz,Male,Bihari,unknown,Bihar,unknown
01-07223-02,Audio/01-07223-02.mp3,8000,native_8khz,unknown,unknown,unknown,unknown,unknown
01-07226-01,Audio/01-07226-01.mp3,8000,native_8khz,Male,unknown,unknown,unknown,unknown
01-07233-03,Audio/01-07233-03.mp3,8000,native_8khz,Male,Bihari,unknown,Bihar,unknown
01-07235-02,Audio/01-07235-02.mp3,8000,native_8khz,Male,Bihari,unknown,Bihar,audio_jump
01-07251-03,Audio/01-07251-03.mp3,8000,native_8khz,Male,Bihari,unknown,Bihar,unknown
01-07256-01,Audio/01-07256-01.mp3,8000,native_8khz,Male,Bihari,unknown,Bihar,unknown
01-07269-01,Audio/01-07269-01.mp3,8000,native_8khz,Male,unknown,unknown,unknown,unknown
01-07274-01,Audio/01-07274-01.mp3,8000,native_8khz,Male,unknown,unknown,unknown,inaudible
01-07281-03,Audio/01-07281-03.mp3,44100,higher_rate,unknown,unknown,unknown,unknown,inaudible
01-07287-02,Audio/01-07287-02.mp3,8000,native_8khz,Male,unknown,unknown,unknown,unknown
01-07297-03,Audio/01-07297-03.mp3,8000,native_8khz,Male,Bihari,unknown,Bihar,inaudible
01-07299-02,Audio/01-07299-02.mp3,8000,native_8khz,unknown,unknown,unknown,unknown,inaudible
01-07350-03,Audio/01-07350-03.mp3,8000,native_8khz,Male,unknown,unknown,unknown,unknown
01-07378-03,Audio/01-07378-03.mp3,8000,native_8khz,Male,unknown,unknown,unknown,unknown
01-07392-01,Audio/01-07392-01.mp3,8000,native_8khz,Male,Bihari,unknown,Bihar,unknown
01-07422-01,Audio/01-07422-01.mp3,8000,native_8khz,Male,unknown,unknown,unknown,unknown
01-07428-02,Audio/01-07428-02.mp3,8000,native_8khz,Male,unknown,unknown,unknown,unknown
01-07455-02,Audio/01-07455-02.mp3,8000,native_8khz,Male,unknown,unknown,unknown,inaudible
01-07458-02,Audio/01-07458-02.mp3,8000,native_8khz,Male,unknown,unknown,unknown,unknown
01-07467-01,Audio/01-07467-01.mp3,8000,native_8khz,Female,unknown,unknown,unknown,unknown
01-07500-03,Audio/01-07500-03.mp3,8000,native_8khz,Female,Bihari,unknown,Bihar,unknown
01-07506-01,Audio/01-07506-01.mp3,8000,native_8khz,Male,unknown,unknown,unknown,"audio_jump,inaudible"
01-07506-03,Audio/01-07506-03.mp3,8000,native_8khz,Male,unknown,unknown,unknown,unknown
01-07507-01,Audio/01-07507-01.mp3,8000,native_8khz,Male,Bihari,unknown,Bihar,unknown
01-07509-01,Audio/01-07509-01.mp3,8000,native_8khz,Male,unknown,unknown,unknown,unknown
01-07515-03,Audio/01-07515-03.mp3,8000,native_8khz,Female,unknown,unknown,unknown,unknown
01-07543-03,Audio/01-07543-03.mp3,8000,native_8khz,Female,unknown,unknown,unknown,unknown
01-07548-03,Audio/01-07548-03.mp3,8000,native_8khz,Female,unknown,unknown,unknown,unknown
01-07564-02,Audio/01-07564-02.mp3,8000,native_8khz,Male,Bihari,unknown,Bihar,audio_jump
01-07598-01,Audio/01-07598-01.mp3,8000,native_8khz,Male,unknown,unknown,unknown,unknown
01-07602-03,Audio/01-07602-03.mp3,8000,native_8khz,Female,unknown,unknown,unknown,unknown
01-07603-02,Audio/01-07603-02.mp3,8000,native_8khz,Female,unknown,unknown,unknown,not_clear
01-07613-02,Audio/01-07613-02.mp3,8000,native_8khz,Female,unknown,unknown,unknown,inaudible
01-07618-03,Audio/01-07618-03.mp3,8000,native_8khz,Male,unknown,unknown,unknown,unknown
01-07620-02,Audio/01-07620-02.mp3,8000,native_8khz,Male,Bihari,unknown,Bihar,unknown
01-07622-01,Audio/01-07622-01.mp3,8000,native_8khz,Male,Bihari,unknown,Bihar,unknown
01-07637-01,Audio/01-07637-01.mp3,8000,native_8khz,Male,unknown,unknown,unknown,inaudible
01-07647-02,Audio/01-07647-02.mp3,8000,native_8khz,Male,unknown,unknown,unknown,unknown
01-07649-02,Audio/01-07649-02.mp3,8000,native_8khz,Male,Bihari,unknown,Bihar,unknown
01-07654-03,Audio/01-07654-03.mp3,8000,native_8khz,Female,unknown,unknown,unknown,unknown
01-07655-02,Audio/01-07655-02.mp3,8000,native_8khz,Female,unknown,unknown,unknown,unknown
01-07660-02,Audio/01-07660-02.mp3,8000,native_8khz,Female,unknown,unknown,unknown,unknown
01-07674-02,Audio/01-07674-02.mp3,8000,native_8khz,unknown,unknown,unknown,unknown,unknown
01-07691-03,Audio/01-07691-03.mp3,8000,native_8khz,Female,unknown,unknown,unknown,unknown
01-07698-01,Audio/01-07698-01.mp3,8000,native_8khz,Male,unknown,unknown,unknown,inaudible
01-07706-03,Audio/01-07706-03.mp3,8000,native_8khz,Male,unknown,unknown,unknown,inaudible
01-07708-01,Audio/01-07708-01.mp3,8000,native_8khz,Male,Bihari,unknown,Bihar,inaudible
01-07710-03,Audio/01-07710-03.mp3,8000,native_8khz,Male,unknown,unknown,unknown,audio_jump
01-07726-03,Audio/01-07726-03.mp3,8000,native_8khz,Male,Bihari,unknown,Bihar,unknown
01-07727-03,Audio/01-07727-03.mp3,8000,native_8khz,Male,unknown,unknown,unknown,unknown
01-07756-03,Audio/01-07756-03.mp3,8000,native_8khz,Female,unknown,unknown,unknown,unknown
01-07759-03,Audio/01-07759-03.mp3,8000,native_8khz,Male,unknown,unknown,unknown,unknown
01-07767-02,Audio/01-07767-02.mp3,44100,higher_rate,Male,unknown,unknown,unknown,unknown
01-07779-01,Audio/01-07779-01.mp3,8000,native_8khz,unknown,unknown,unknown,unknown,unknown
01-07783-02,Audio/01-07783-02.mp3,8000,native_8khz,Male,Bihari,unknown,Bihar,inaudible
01-07807-01,Audio/01-07807-01.mp3,8000,native_8khz,Male,Bihari,unknown,Bihar,unknown
01-07815-03,Audio/01-07815-03.mp3,8000,native_8khz,Female,Bihari,unknown,Bihar,unknown
01-07816-01,Audio/01-07816-01.mp3,8000,native_8khz,Female,unknown,unknown,unknown,unknown
01-07848-03,Audio/01-07848-03.mp3,8000,native_8khz,Male,unknown,unknown,unknown,unknown
01-07855-01,Audio/01-07855-01.mp3,8000,native_8khz,Male,unknown,unknown,unknown,unknown
01-07868-02,Audio/01-07868-02.mp3,8000,native_8khz,Male,Bihari,unknown,Bihar,inaudible
01-07871-02,Audio/01-07871-02.mp3,8000,native_8khz,Male,Bihari,unknown,Bihar,inaudible
01-07881-03,Audio/01-07881-03.mp3,8000,native_8khz,Male,unknown,unknown,unknown,unknown
01-07889-01,Audio/01-07889-01.mp3,8000,native_8khz,Female,unknown,unknown,unknown,inaudible
01-07898-02,Audio/01-07898-02.mp3,8000,native_8khz,Female,unknown,unknown,unknown,unknown
01-07900-01,Audio/01-07900-01.mp3,8000,native_8khz,Female,Bihari,unknown,Bihar,unknown
01-07906-02,Audio/01-07906-02.mp3,8000,native_8khz,Female,Bihari,unknown,Bihar,inaudible
01-07917-02,Audio/01-07917-02.mp3,8000,native_8khz,Male,unknown,unknown,unknown,unknown
01-07918-03,Audio/01-07918-03.mp3,8000,native_8khz,Male,unknown,unknown,unknown,unknown
01-07920-03,Audio/01-07920-03.mp3,8000,native_8khz,Male,unknown,unknown,unknown,unknown
01-07932-03,Audio/01-07932-03.mp3,8000,native_8khz,Male,unknown,unknown,unknown,unknown
01-07938-01,Audio/01-07938-01.mp3,8000,native_8khz,Male,Bihari,unknown,Bihar,unknown
01-07949-02,Audio/01-07949-02.mp3,8000,native_8khz,Male,unknown,unknown,unknown,unknown
01-07966-01,Audio/01-07966-01.mp3,8000,native_8khz,Male,unknown,unknown,unknown,unknown
01-07972-01,Audio/01-07972-01.mp3,8000,native_8khz,Male,unknown,unknown,unknown,unknown
01-07973-03,Audio/01-07973-03.mp3,8000,native_8khz,Male,unknown,unknown,unknown,unknown
01-07976-01,Audio/01-07976-01.mp3,8000,native_8khz,Male,unknown,unknown,unknown,unknown
01-07983-03,Audio/01-07983-03.mp3,8000,native_8khz,Male,unknown,unknown,unknown,unknown
01-07985-01,Audio/01-07985-01.mp3,8000,native_8khz,Male,unknown,unknown,unknown,unknown
01-07993-01,Audio/01-07993-01.mp3,8000,native_8khz,Male,unknown,unknown,unknown,inaudible
01-07995-02,Audio/01-07995-02.mp3,8000,native_8khz,Male,Bihari,unknown,Bihar,inaudible
01-08009-01,Audio/01-08009-01.mp3,8000,native_8khz,Male,unknown,unknown,unknown,unknown
01-08027-02,Audio/01-08027-02.mp3,8000,native_8khz,Male,unknown,unknown,unknown,inaudible
01-08027-03,Audio/01-08027-03.mp3,8000,native_8khz,Male,unknown,unknown,unknown,unknown
01-08044-01,Audio/01-08044-01.mp3,8000,native_8khz,Female,Bihari,unknown,Bihar,audio_jump
01-08050-02,Audio/01-08050-02.mp3,8000,native_8khz,Male,unknown,unknown,unknown,unknown
01-08051-01,Audio/01-08051-01.mp3,8000,native_8khz,Male,unknown,unknown,unknown,unknown
01-08058-03,Audio/01-08058-03.mp3,8000,native_8khz,Male,unknown,unknown,unknown,unknown
01-08067-01,Audio/01-08067-01.mp3,8000,native_8khz,Male,Bihari,unknown,Bihar,unknown
01-08075-03,Audio/01-08075-03.mp3,16000,higher_rate,Female,unknown,unknown,unknown,unknown
01-08076-02,Audio/01-08076-02.mp3,48000,higher_rate,Male,unknown,unknown,unknown,unknown
01-08085-01,Audio/01-08085-01.mp3,44100,higher_rate,Male,unknown,unknown,unknown,unknown
01-08113-03,Audio/01-08113-03.mp3,8000,native_8khz,Female,unknown,unknown,unknown,unknown
01-08119-02,Audio/01-08119-02.mp3,44100,higher_rate,Female,Bihari,unknown,Bihar,unknown
01-08138-03,Audio/01-08138-03.mp3,44100,higher_rate,unknown,unknown,unknown,unknown,inaudible
01-08141-02,Audio/01-08141-02.mp3,8000,native_8khz,Female,unknown,unknown,unknown,unknown
01-08161-02,Audio/01-08161-02.mp3,8000,native_8khz,Male,unknown,unknown,unknown,unknown
01-08182-01,Audio/01-08182-01.mp3,44100,higher_rate,Female,Bihari,unknown,Bihar,unknown
01-08218-03,Audio/01-08218-03.mp3,8000,native_8khz,Male,Bihari,unknown,Bihar,unknown
01-08254-02,Audio/01-08254-02.mp3,44100,higher_rate,Male,unknown,unknown,unknown,laugh
01-08261-02,Audio/01-08261-02.mp3,8000,native_8khz,Male,unknown,unknown,unknown,unknown
01-08284-02,Audio/01-08284-02.mp3,8000,native_8khz,Male,unknown,unknown,unknown,unknown
01-08285-01,Audio/01-08285-01.mp3,8000,native_8khz,Male,unknown,unknown,unknown,unknown
01-08292-02,Audio/01-08292-02.mp3,8000,native_8khz,Female,Bihari,unknown,Bihar,unknown
01-08315-03,Audio/01-08315-03.mp3,44100,higher_rate,Female,unknown,unknown,unknown,unknown
01-08336-01,Audio/01-08336-01.mp3,44100,higher_rate,Male,unknown,unknown,unknown,audio_jump
01-08360-01,Audio/01-08360-01.mp3,8000,native_8khz,Male,unknown,unknown,unknown,"audio_jump,inaudible"
01-08380-03,Audio/01-08380-03.mp3,44100,higher_rate,Female,unknown,unknown,unknown,unknown
01-08390-01,Audio/01-08390-01.mp3,44100,higher_rate,Female,Bihari,unknown,Bihar,unknown
01-08400-03,Audio/01-08400-03.mp3,44100,higher_rate,Female,unknown,unknown,unknown,unknown
01-08408-02,Audio/01-08408-02.mp3,44100,higher_rate,Male,unknown,unknown,Madhya_pradesh,unknown
01-08410-03,Audio/01-08410-03.mp3,44100,higher_rate,Female,unknown,unknown,unknown,unknown
01-08413-01,Audio/01-08413-01.mp3,44100,higher_rate,Female,unknown,unknown,unknown,unknown
01-08413-02,Audio/01-08413-02.mp3,44100,higher_rate,Female,unknown,unknown,unknown,unknown
01-08428-03,Audio/01-08428-03.mp3,44100,higher_rate,Female,unknown,unknown,unknown,audio_jump
01-08446-03,Audio/01-08446-03.mp3,8000,native_8khz,Female,unknown,unknown,unknown,unknown
01-08502-02,Audio/01-08502-02.mp3,8000,native_8khz,Female,Bihari,unknown,Bihar,unknown
01-08504-03,Audio/01-08504-03.mp3,44100,higher_rate,Male,unknown,unknown,unknown,unknown
01-08517-02,Audio/01-08517-02.mp3,44100,higher_rate,Female,Bihari,unknown,Bihar,unknown
01-08523-01,Audio/01-08523-01.mp3,44100,higher_rate,Female,Bihari,unknown,Bihar,unknown
01-08530-03,Audio/01-08530-03.mp3,8000,native_8khz,Female,Bihari,unknown,Bihar,"audio_jump,inaudible"
01-08540-02,Audio/01-08540-02.mp3,44100,higher_rate,Female,unknown,unknown,unknown,unknown
01-08544-02,Audio/01-08544-02.mp3,44100,higher_rate,Female,unknown,unknown,unknown,unknown
01-08547-03,Audio/01-08547-03.mp3,44100,higher_rate,Male,unknown,unknown,unknown,unknown
01-08556-01,Audio/01-08556-01.mp3,44100,higher_rate,Female,unknown,unknown,unknown,"audio_jump,inaudible"
01-08569-03,Audio/01-08569-03.mp3,8000,native_8khz,Male,unknown,unknown,unknown,unknown
01-08578-03,Audio/01-08578-03.mp3,48000,higher_rate,Female,unknown,unknown,unknown,unknown
01-08579-02,Audio/01-08579-02.mp3,48000,higher_rate,Female,unknown,unknown,unknown,unknown
01-08581-01,Audio/01-08581-01.mp3,8000,native_8khz,Female,unknown,unknown,unknown,unknown
01-08603-01,Audio/01-08603-01.mp3,44100,higher_rate,Female,unknown,unknown,unknown,unknown
01-08607-02,Audio/01-08607-02.mp3,44100,higher_rate,Female,unknown,unknown,unknown,unknown
01-08607-03,Audio/01-08607-03.mp3,44100,higher_rate,Female,unknown,unknown,unknown,unknown
01-08625-01,Audio/01-08625-01.mp3,44100,higher_rate,Female,unknown,unknown,unknown,unknown
01-08642-02,Audio/01-08642-02.mp3,8000,native_8khz,Female,unknown,unknown,unknown,inaudible
01-08654-01,Audio/01-08654-01.mp3,8000,native_8khz,Female,unknown,unknown,unknown,inaudible
01-08664-01,Audio/01-08664-01.mp3,44100,higher_rate,Male,unknown,unknown,unknown,unknown
01-08694-02,Audio/01-08694-02.mp3,8000,native_8khz,Female,unknown,unknown,unknown,inaudible
01-08698-02,Audio/01-08698-02.mp3,8000,native_8khz,Male,Bihari,unknown,Bihar,audio_jump
01-08710-01,Audio/01-08710-01.mp3,44100,higher_rate,Female,unknown,unknown,unknown,unknown
01-08710-03,Audio/01-08710-03.mp3,44100,higher_rate,Female,unknown,unknown,unknown,unknown
01-08719-03,Audio/01-08719-03.mp3,44100,higher_rate,Female,unknown,unknown,unknown,unknown
01-08734-03,Audio/01-08734-03.mp3,8000,native_8khz,Male,Bihari,unknown,Bihar,unknown
01-08741-03,Audio/01-08741-03.mp3,44100,higher_rate,Female,unknown,unknown,unknown,unknown
01-08742-02,Audio/01-08742-02.mp3,44100,higher_rate,Female,unknown,unknown,unknown,inaudible
01-08744-01,Audio/01-08744-01.mp3,44100,higher_rate,Female,Bihari,unknown,Bihar,unknown
01-08754-03,Audio/01-08754-03.mp3,8000,native_8khz,Male,unknown,unknown,unknown,unknown
01-08774-03,Audio/01-08774-03.mp3,44100,higher_rate,unknown,unknown,unknown,unknown,unknown
01-08778-03,Audio/01-08778-03.mp3,44100,higher_rate,Male,Bihari,unknown,Bihar,unknown
01-08779-01,Audio/01-08779-01.mp3,44100,higher_rate,Male,unknown,unknown,unknown,unknown
01-08784-01,Audio/01-08784-01.mp3,44100,higher_rate,Male,unknown,unknown,unknown,unknown
01-08787-02,Audio/01-08787-02.mp3,44100,higher_rate,unknown,unknown,unknown,unknown,unknown
01-08792-03,Audio/01-08792-03.mp3,48000,higher_rate,Female,unknown,unknown,unknown,unknown
01-08798-01,Audio/01-08798-01.mp3,44100,higher_rate,Female,unknown,unknown,unknown,unknown
01-08804-03,Audio/01-08804-03.mp3,8000,native_8khz,Male,Bihari,unknown,Bihar,unknown
01-08806-02,Audio/01-08806-02.mp3,8000,native_8khz,Male,Bihari,unknown,Bihar,unknown
01-08815-03,Audio/01-08815-03.mp3,8000,native_8khz,Male,Bihari,unknown,Bihar,inaudible
01-08820-03,Audio/01-08820-03.mp3,44100,higher_rate,Male,unknown,unknown,unknown,inaudible
01-08829-03,Audio/01-08829-03.mp3,44100,higher_rate,Female,unknown,unknown,unknown,unknown
01-08838-01,Audio/01-08838-01.mp3,44100,higher_rate,Female,unknown,unknown,unknown,inaudible
01-08839-01,Audio/01-08839-01.mp3,44100,higher_rate,Female,unknown,unknown,unknown,unknown
01-08840-03,Audio/01-08840-03.mp3,44100,higher_rate,Female,unknown,unknown,unknown,unknown
01-08845-02,Audio/01-08845-02.mp3,44100,higher_rate,Female,unknown,unknown,unknown,inaudible
01-08855-02,Audio/01-08855-02.mp3,44100,higher_rate,Male,unknown,unknown,unknown,"audio_jump,inaudible"
01-08858-03,Audio/01-08858-03.mp3,44100,higher_rate,Male,unknown,unknown,unknown,unknown
01-08869-03,Audio/01-08869-03.mp3,44100,higher_rate,Female,unknown,unknown,unknown,unknown
01-08913-01,Audio/01-08913-01.mp3,44100,higher_rate,Male,Bihari,unknown,Bihar,unknown
01-08922-03,Audio/01-08922-03.mp3,44100,higher_rate,Female,unknown,unknown,unknown,unknown
01-08931-01,Audio/01-08931-01.mp3,8000,native_8khz,Male,Bihari,unknown,Bihar,unknown
01-08934-01,Audio/01-08934-01.mp3,8000,native_8khz,Male,Bihari,unknown,Bihar,unknown
01-08940-03,Audio/01-08940-03.mp3,44100,higher_rate,unknown,unknown,unknown,unknown,unknown
01-08951-01,Audio/01-08951-01.mp3,44100,higher_rate,Male,Bihari,unknown,Bihar,inaudible
01-08957-02,Audio/01-08957-02.mp3,44100,higher_rate,Female,unknown,unknown,unknown,unknown
01-08967-01,Audio/01-08967-01.mp3,48000,higher_rate,Male,unknown,unknown,unknown,unknown
01-08979-02,Audio/01-08979-02.mp3,48000,higher_rate,Female,unknown,unknown,unknown,unknown
01-08997-02,Audio/01-08997-02.mp3,44100,higher_rate,Female,unknown,unknown,unknown,unknown
01-09011-02,Audio/01-09011-02.mp3,44100,higher_rate,Female,unknown,unknown,unknown,unknown
01-09013-01,Audio/01-09013-01.mp3,44100,higher_rate,Female,unknown,unknown,unknown,unknown
01-09028-01,Audio/01-09028-01.mp3,44100,higher_rate,Female,unknown,unknown,unknown,unknown
01-09037-01,Audio/01-09037-01.mp3,8000,native_8khz,Female,unknown,unknown,unknown,inaudible
01-09055-01,Audio/01-09055-01.mp3,44100,higher_rate,Female,unknown,unknown,unknown,unknown
01-09066-01,Audio/01-09066-01.mp3,44100,higher_rate,Female,unknown,unknown,unknown,unknown
01-09067-01,Audio/01-09067-01.mp3,44100,higher_rate,Female,unknown,unknown,unknown,unknown
01-09070-02,Audio/01-09070-02.mp3,44100,higher_rate,Female,Bihari,unknown,Bihar,unknown
01-09079-01,Audio/01-09079-01.mp3,44100,higher_rate,Female,unknown,unknown,unknown,unknown
01-09084-02,Audio/01-09084-02.mp3,8000,native_8khz,Female,unknown,unknown,unknown,unknown
01-09090-01,Audio/01-09090-01.mp3,48000,higher_rate,Male,unknown,unknown,unknown,unknown
01-09092-01,Audio/01-09092-01.mp3,8000,native_8khz,Male,unknown,unknown,unknown,unknown
01-09094-01,Audio/01-09094-01.mp3,8000,native_8khz,Male,Bihari,unknown,Bihar,unknown
01-09094-02,Audio/01-09094-02.mp3,8000,native_8khz,Male,Bihari,unknown,Bihar,unknown
01-09097-01,Audio/01-09097-01.mp3,8000,native_8khz,Male,unknown,unknown,unknown,unknown
01-09118-01,Audio/01-09118-01.mp3,44100,higher_rate,Female,unknown,unknown,unknown,unknown
01-09134-01,Audio/01-09134-01.mp3,44100,higher_rate,Female,unknown,unknown,unknown,unknown
01-09140-02,Audio/01-09140-02.mp3,44100,higher_rate,Female,Bihari,unknown,Bihar,unknown
01-09163-02,Audio/01-09163-02.mp3,44100,higher_rate,Female,unknown,unknown,unknown,unknown
01-09175-02,Audio/01-09175-02.mp3,44100,higher_rate,Female,unknown,unknown,unknown,inaudible
01-09190-02,Audio/01-09190-02.mp3,44100,higher_rate,Female,Bihari,unknown,Bihar,audio_jump
01-09207-02,Audio/01-09207-02.mp3,44100,higher_rate,Female,Bihari,unknown,Bihar,unknown
01-09211-01,Audio/01-09211-01.mp3,44100,higher_rate,Female,Bihari,unknown,Bihar,unknown
01-09226-01,Audio/01-09226-01.mp3,44100,higher_rate,Female,unknown,unknown,Madhya_pradesh,unknown
01-09229-02,Audio/01-09229-02.mp3,44100,higher_rate,Female,Bihari,unknown,Bihar,unknown
01-09257-02,Audio/01-09257-02.mp3,44100,higher_rate,Female,Bihari,unknown,Bihar,unknown
01-09271-02,Audio/01-09271-02.mp3,44100,higher_rate,Male,unknown,unknown,unknown,unknown
01-09292-01,Audio/01-09292-01.mp3,8000,native_8khz,Male,unknown,unknown,unknown,unknown
01-09296-02,Audio/01-09296-02.mp3,8000,native_8khz,Male,unknown,unknown,unknown,unknown
01-09300-01,Audio/01-09300-01.mp3,48000,higher_rate,Male,Bihari,unknown,Bihar,unknown
01-09306-02,Audio/01-09306-02.mp3,48000,higher_rate,Female,unknown,unknown,unknown,unknown
01-09318-01,Audio/01-09318-01.mp3,8000,native_8khz,Male,unknown,unknown,unknown,unknown
01-09318-02,Audio/01-09318-02.mp3,8000,native_8khz,Male,unknown,unknown,unknown,unknown
01-09354-02,Audio/01-09354-02.mp3,8000,native_8khz,Male,Bihari,unknown,Bihar,unknown
01-09368-02,Audio/01-09368-02.mp3,8000,native_8khz,Male,unknown,unknown,unknown,unknown
01-09418-01,Audio/01-09418-01.mp3,8000,native_8khz,Female,Bihari,unknown,Bihar,unknown
01-09422-02,Audio/01-09422-02.mp3,44100,higher_rate,Female,unknown,unknown,unknown,unknown
01-09437-02,Audio/01-09437-02.mp3,44100,higher_rate,Male,unknown,unknown,unknown,unknown
01-09457-02,Audio/01-09457-02.mp3,44100,higher_rate,Female,unknown,unknown,unknown,audio_jump
01-09500-01,Audio/01-09500-01.mp3,44100,higher_rate,Female,Bihari,unknown,Bihar,unknown
01-09508-02,Audio/01-09508-02.mp3,44100,higher_rate,Female,unknown,unknown,unknown,unknown
01-09528-02,Audio/01-09528-02.mp3,44100,higher_rate,Female,Bihari,unknown,Bihar,unknown
01-09541-01,Audio/01-09541-01.mp3,44100,higher_rate,Male,unknown,unknown,unknown,unknown
01-09545-01,Audio/01-09545-01.mp3,44100,higher_rate,Male,unknown,unknown,unknown,inaudible
01-09599-01,Audio/01-09599-01.mp3,44100,higher_rate,Male,unknown,unknown,unknown,unknown
01-09608-02,Audio/01-09608-02.mp3,8000,native_8khz,Male,unknown,unknown,unknown,unknown
01-09611-02,Audio/01-09611-02.mp3,8000,native_8khz,Male,Bihari,unknown,Bihar,unknown
01-09615-01,Audio/01-09615-01.mp3,8000,native_8khz,Male,unknown,unknown,unknown,unknown
01-09624-02,Audio/01-09624-02.mp3,44100,higher_rate,Female,unknown,unknown,unknown,unknown
01-09640-02,Audio/01-09640-02.mp3,44100,higher_rate,Female,unknown,unknown,unknown,unknown
01-09641-02,Audio/01-09641-02.mp3,44100,higher_rate,Female,unknown,unknown,unknown,audio_jump
01-09675-01,Audio/01-09675-01.mp3,44100,higher_rate,Female,unknown,unknown,unknown,unknown
01-09687-01,Audio/01-09687-01.mp3,44100,higher_rate,Male,unknown,unknown,unknown,audio_jump
01-09715-02,Audio/01-09715-02.mp3,8000,native_8khz,Male,unknown,unknown,unknown,unknown
01-09719-02,Audio/01-09719-02.mp3,8000,native_8khz,Female,Bihari,unknown,Bihar,unknown
01-09723-02,Audio/01-09723-02.mp3,8000,native_8khz,Female,Bihari,unknown,Bihar,unknown
01-09729-02,Audio/01-09729-02.mp3,44100,higher_rate,Female,Bihari,unknown,Bihar,inaudible
01-09754-01,Audio/01-09754-01.mp3,8000,native_8khz,Female,Bihari,unknown,Bihar,inaudible
01-09761-01,Audio/01-09761-01.mp3,8000,native_8khz,Male,unknown,unknown,unknown,unknown
01-09767-02,Audio/01-09767-02.mp3,48000,higher_rate,Female,unknown,unknown,unknown,audio_jump
01-09775-03,Audio/01-09775-03.mp3,48000,higher_rate,Male,Bihari,unknown,Bihar,audio_jump
01-09777-03,Audio/01-09777-03.mp3,8000,native_8khz,Male,unknown,unknown,unknown,inaudible
01-09779-02,Audio/01-09779-02.mp3,8000,native_8khz,Male,unknown,unknown,unknown,inaudible
01-09782-01,Audio/01-09782-01.mp3,44100,higher_rate,Female,unknown,unknown,unknown,audio_jump
01-09794-01,Audio/01-09794-01.mp3,44100,higher_rate,Male,unknown,unknown,unknown,unknown
01-09801-01,Audio/01-09801-01.mp3,44100,higher_rate,Female,unknown,unknown,unknown,unknown
01-09810-03,Audio/01-09810-03.mp3,8000,native_8khz,Male,unknown,unknown,unknown,unknown
01-09833-01,Audio/01-09833-01.mp3,44100,higher_rate,Male,unknown,unknown,unknown,unknown
01-09843-03,Audio/01-09843-03.mp3,8000,native_8khz,Male,unknown,unknown,unknown,unknown
01-09852-03,Audio/01-09852-03.mp3,44100,higher_rate,Female,unknown,unknown,unknown,unknown
01-09855-03,Audio/01-09855-03.mp3,44100,higher_rate,Male,unknown,unknown,unknown,unknown
01-09858-02,Audio/01-09858-02.mp3,44100,higher_rate,Male,unknown,unknown,unknown,unknown
01-09859-03,Audio/01-09859-03.mp3,44100,higher_rate,Male,unknown,unknown,unknown,inaudible
01-09869-01,Audio/01-09869-01.mp3,44100,higher_rate,Female,unknown,unknown,unknown,unknown
01-09871-01,Audio/01-09871-01.mp3,44100,higher_rate,Male,unknown,unknown,unknown,unknown
01-09876-02,Audio/01-09876-02.mp3,44100,higher_rate,Female,unknown,unknown,unknown,audio_jump
01-09879-03,Audio/01-09879-03.mp3,44100,higher_rate,Male,Bihari,unknown,Bihar,unknown
01-09883-03,Audio/01-09883-03.mp3,44100,higher_rate,Female,unknown,unknown,unknown,unknown
01-09885-02,Audio/01-09885-02.mp3,44100,higher_rate,Male,unknown,unknown,unknown,unknown
01-09901-02,Audio/01-09901-02.mp3,8000,native_8khz,Male,unknown,unknown,unknown,unknown
01-09912-03,Audio/01-09912-03.mp3,48000,higher_rate,Female,unknown,unknown,unknown,unknown
01-09915-03,Audio/01-09915-03.mp3,44100,higher_rate,Male,unknown,unknown,unknown,unknown
01-09926-01,Audio/01-09926-01.mp3,8000,native_8khz,Male,unknown,unknown,unknown,inaudible
01-09929-02,Audio/01-09929-02.mp3,44100,higher_rate,Male,unknown,unknown,unknown,audio_jump
01-09961-02,Audio/01-09961-02.mp3,44100,higher_rate,Female,unknown,unknown,unknown,unknown
01-09965-01,Audio/01-09965-01.mp3,44100,higher_rate,Female,Bihari,unknown,Bihar,audio_jump
01-09967-02,Audio/01-09967-02.mp3,44100,higher_rate,Female,unknown,unknown,unknown,unknown
01-09969-02,Audio/01-09969-02.mp3,44100,higher_rate,Female,unknown,unknown,unknown,audio_jump
01-09970-03,Audio/01-09970-03.mp3,44100,higher_rate,Female,unknown,unknown,unknown,unknown
01-09978-03,Audio/01-09978-03.mp3,44100,higher_rate,Male,unknown,unknown,unknown,audio_jump
01-09980-03,Audio/01-09980-03.mp3,48000,higher_rate,Female,unknown,unknown,unknown,inaudible
01-09992-01,Audio/01-09992-01.mp3,44100,higher_rate,Male,unknown,unknown,unknown,unknown
01-09996-03,Audio/01-09996-03.mp3,44100,higher_rate,unknown,unknown,unknown,unknown,unknown
01-10009-01,Audio/01-10009-01.mp3,44100,higher_rate,Male,unknown,unknown,unknown,unknown
01-10025-03,Audio/01-10025-03.mp3,44100,higher_rate,Female,unknown,unknown,unknown,unknown
01-10026-01,Audio/01-10026-01.mp3,44100,higher_rate,Male,unknown,unknown,unknown,unknown
01-10062-03,Audio/01-10062-03.mp3,44100,higher_rate,Female,Bihari,unknown,Bihar,audio_jump
01-10075-01,Audio/01-10075-01.mp3,44100,higher_rate,Male,unknown,unknown,unknown,unknown
01-10085-02,Audio/01-10085-02.mp3,44100,higher_rate,Female,unknown,unknown,unknown,unknown
01-10097-01,Audio/01-10097-01.mp3,48000,higher_rate,Male,Bhojpuri,unknown,unknown,unknown
01-10098-02,Audio/01-10098-02.mp3,8000,native_8khz,Male,unknown,unknown,unknown,unknown
01-10098-03,Audio/01-10098-03.mp3,48000,higher_rate,Male,unknown,unknown,unknown,unknown
01-10124-01,Audio/01-10124-01.mp3,8000,native_8khz,Male,unknown,unknown,unknown,unknown
01-10139-02,Audio/01-10139-02.mp3,44100,higher_rate,Female,Bihari,unknown,Bihar,unknown
01-10163-02,Audio/01-10163-02.mp3,8000,native_8khz,Male,unknown,unknown,unknown,inaudible
01-10164-01,Audio/01-10164-01.mp3,48000,higher_rate,unknown,unknown,unknown,unknown,unknown
01-10166-03,Audio/01-10166-03.mp3,48000,higher_rate,Male,unknown,unknown,unknown,unknown
01-10167-03,Audio/01-10167-03.mp3,44100,higher_rate,Female,unknown,unknown,unknown,audio_jump
01-10172-01,Audio/01-10172-01.mp3,44100,higher_rate,Female,unknown,unknown,unknown,inaudible
01-10177-03,Audio/01-10177-03.mp3,44100,higher_rate,Female,unknown,unknown,unknown,audio_jump
01-10189-03,Audio/01-10189-03.mp3,8000,native_8khz,Male,unknown,unknown,unknown,unknown
01-10200-03,Audio/01-10200-03.mp3,8000,native_8khz,Female,unknown,unknown,unknown,unknown
01-10201-02,Audio/01-10201-02.mp3,8000,native_8khz,Female,unknown,unknown,unknown,unknown
01-10226-02,Audio/01-10226-02.mp3,8000,native_8khz,unknown,unknown,unknown,unknown,inaudible
01-10241-02,Audio/01-10241-02.mp3,44100,higher_rate,Male,Bihari,unknown,Bihar,"audio_jump,inaudible"
01-10243-01,Audio/01-10243-01.mp3,44100,higher_rate,Male,Bihari,unknown,Bihar,audio_jump
01-10257-02,Audio/01-10257-02.mp3,8000,native_8khz,Male,unknown,unknown,unknown,unknown
01-10263-01,Audio/01-10263-01.mp3,44100,higher_rate,Female,Bhojpuri,unknown,unknown,unknown
01-10284-01,Audio/01-10284-01.mp3,44100,higher_rate,Female,Bhojpuri,unknown,unknown,inaudible
01-10284-03,Audio/01-10284-03.mp3,44100,higher_rate,Female,Bhojpuri,unknown,unknown,unknown
01-10292-01,Audio/01-10292-01.mp3,8000,native_8khz,Male,Bhojpuri,unknown,unknown,inaudible
01-10302-02,Audio/01-10302-02.mp3,44100,higher_rate,Female,Bhojpuri,unknown,unknown,unknown
01-10307-02,Audio/01-10307-02.mp3,44100,higher_rate,Male,Bihari,unknown,Bihar,"audio_jump,inaudible"
01-10343-01,Audio/01-10343-01.mp3,44100,higher_rate,Female,unknown,unknown,unknown,audio_jump
01-10355-02,Audio/01-10355-02.mp3,8000,native_8khz,Male,Bihari,unknown,Bihar,inaudible
01-10370-01,Audio/01-10370-01.mp3,8000,native_8khz,Male,Bihari,unknown,Bihar,unknown
01-10401-01,Audio/01-10401-01.mp3,44100,higher_rate,Female,unknown,unknown,unknown,audio_jump
01-10431-02,Audio/01-10431-02.mp3,44100,higher_rate,Female,unknown,unknown,unknown,unknown
01-10457-03,Audio/01-10457-03.mp3,44100,higher_rate,unknown,unknown,unknown,unknown,unknown
01-10461-02,Audio/01-10461-02.mp3,44100,higher_rate,Male,unknown,unknown,unknown,unknown
01-10464-01,Audio/01-10464-01.mp3,44100,higher_rate,Male,unknown,unknown,unknown,unknown
01-10474-03,Audio/01-10474-03.mp3,44100,higher_rate,Female,unknown,unknown,unknown,audio_jump
01-10487-03,Audio/01-10487-03.mp3,44100,higher_rate,Female,unknown,unknown,unknown,unknown
01-10493-03,Audio/01-10493-03.mp3,44100,higher_rate,Male,Bihari,unknown,Bihar,unknown
01-10495-01,Audio/01-10495-01.mp3,44100,higher_rate,Male,unknown,unknown,unknown,unknown
01-10509-01,Audio/01-10509-01.mp3,44100,higher_rate,Female,unknown,unknown,unknown,unknown
01-10510-03,Audio/01-10510-03.mp3,44100,higher_rate,Female,unknown,unknown,unknown,unknown
01-10514-03,Audio/01-10514-03.mp3,44100,higher_rate,Female,unknown,unknown,unknown,unknown
01-10520-02,Audio/01-10520-02.mp3,8000,native_8khz,Male,Bihari,unknown,Bihar,"audio_jump,inaudible"
01-10539-02,Audio/01-10539-02.mp3,44100,higher_rate,Male,unknown,unknown,unknown,unknown
01-10543-02,Audio/01-10543-02.mp3,44100,higher_rate,Male,unknown,unknown,unknown,unknown
01-10548-01,Audio/01-10548-01.mp3,44100,higher_rate,Female,unknown,unknown,unknown,unknown
01-10549-01,Audio/01-10549-01.mp3,44100,higher_rate,Female,unknown,unknown,unknown,unknown
01-10555-03,Audio/01-10555-03.mp3,8000,native_8khz,Male,unknown,unknown,unknown,inaudible
01-10560-02,Audio/01-10560-02.mp3,44100,higher_rate,Male,Bihari,unknown,Bihar,audio_jump
01-10569-02,Audio/01-10569-02.mp3,8000,native_8khz,Male,Bihari,unknown,Bihar,inaudible
01-10574-01,Audio/01-10574-01.mp3,44100,higher_rate,Female,unknown,unknown,unknown,unknown
01-10581-01,Audio/01-10581-01.mp3,44100,higher_rate,Male,unknown,unknown,unknown,unknown
01-10613-01,Audio/01-10613-01.mp3,44100,higher_rate,Male,unknown,unknown,unknown,unknown
01-10630-01,Audio/01-10630-01.mp3,44100,higher_rate,Male,unknown,unknown,unknown,unknown
01-10636-03,Audio/01-10636-03.mp3,44100,higher_rate,Female,unknown,unknown,unknown,unknown
01-10643-03,Audio/01-10643-03.mp3,44100,higher_rate,Female,unknown,unknown,unknown,inaudible
01-10662-02,Audio/01-10662-02.mp3,44100,higher_rate,Female,unknown,unknown,unknown,unknown
01-10666-02,Audio/01-10666-02.mp3,44100,higher_rate,Female,unknown,unknown,unknown,unknown
01-10679-02,Audio/01-10679-02.mp3,48000,higher_rate,Female,unknown,unknown,unknown,unknown
01-10682-01,Audio/01-10682-01.mp3,48000,higher_rate,Female,unknown,unknown,unknown,unknown
01-10689-02,Audio/01-10689-02.mp3,44100,higher_rate,Male,unknown,unknown,unknown,audio_jump
01-10691-01,Audio/01-10691-01.mp3,44100,higher_rate,Male,unknown,unknown,unknown,unknown
01-10692-01,Audio/01-10692-01.mp3,44100,higher_rate,Male,unknown,unknown,unknown,unknown
01-10697-03,Audio/01-10697-03.mp3,44100,higher_rate,Male,unknown,unknown,unknown,audio_jump
01-10699-02,Audio/01-10699-02.mp3,44100,higher_rate,Female,unknown,unknown,unknown,unknown
01-10706-01,Audio/01-10706-01.mp3,44100,higher_rate,Female,unknown,unknown,unknown,unknown
01-10711-02,Audio/01-10711-02.mp3,8000,native_8khz,Male,Bihari,unknown,Bihar,inaudible
01-10737-02,Audio/01-10737-02.mp3,44100,higher_rate,Female,unknown,unknown,unknown,unknown
01-10768-02,Audio/01-10768-02.mp3,48000,higher_rate,Female,unknown,unknown,unknown,unknown
01-10775-01,Audio/01-10775-01.mp3,32000,higher_rate,Male,unknown,unknown,unknown,inaudible
01-10777-03,Audio/01-10777-03.mp3,44100,higher_rate,Male,unknown,unknown,unknown,unknown
01-10780-03,Audio/01-10780-03.mp3,48000,higher_rate,Female,unknown,unknown,unknown,unknown
01-10790-02,Audio/01-10790-02.mp3,44100,higher_rate,Male,unknown,unknown,unknown,audio_jump
01-10815-01,Audio/01-10815-01.mp3,8000,native_8khz,Male,Bhojpuri,unknown,unknown,inaudible
01-10816-02,Audio/01-10816-02.mp3,8000,native_8khz,Male,unknown,unknown,unknown,inaudible
01-10820-01,Audio/01-10820-01.mp3,8000,native_8khz,Male,unknown,unknown,unknown,unknown
01-10822-03,Audio/01-10822-03.mp3,44100,higher_rate,Male,Bhojpuri,unknown,unknown,unknown
01-10861-03,Audio/01-10861-03.mp3,44100,higher_rate,unknown,unknown,unknown,unknown,unknown
01-10879-01,Audio/01-10879-01.mp3,44100,higher_rate,Male,Bihari,unknown,Bihar,audio_jump
01-10889-02,Audio/01-10889-02.mp3,44100,higher_rate,Female,unknown,unknown,unknown,unknown
01-10890-03,Audio/01-10890-03.mp3,44100,higher_rate,Female,unknown,unknown,unknown,unknown
01-10910-03,Audio/01-10910-03.mp3,8000,native_8khz,Male,unknown,unknown,unknown,unknown
01-10924-03,Audio/01-10924-03.mp3,44100,higher_rate,Female,unknown,unknown,unknown,unknown
01-10930-01,Audio/01-10930-01.mp3,44100,higher_rate,Female,unknown,unknown,unknown,unknown
01-10938-01,Audio/01-10938-01.mp3,44100,higher_rate,Male,Bihari,unknown,Bihar,unknown
01-10939-01,Audio/01-10939-01.mp3,44100,higher_rate,Male,Bihari,unknown,Bihar,unknown
01-10941-02,Audio/01-10941-02.mp3,44100,higher_rate,Female,unknown,unknown,unknown,inaudible
01-10980-01,Audio/01-10980-01.mp3,44100,higher_rate,Female,Bhojpuri,unknown,unknown,unknown
01-10995-02,Audio/01-10995-02.mp3,8000,native_8khz,Male,Bihari,unknown,Bihar,unknown
01-11008-03,Audio/01-11008-03.mp3,44100,higher_rate,Female,unknown,unknown,unknown,unknown
01-11017-01,Audio/01-11017-01.mp3,44100,higher_rate,Female,unknown,unknown,unknown,unknown
01-11018-02,Audio/01-11018-02.mp3,44100,higher_rate,Male,unknown,unknown,unknown,unknown
01-11032-01,Audio/01-11032-01.mp3,44100,higher_rate,Female,unknown,unknown,unknown,unknown
01-11037-03,Audio/01-11037-03.mp3,44100,higher_rate,Male,unknown,unknown,unknown,unknown
01-11039-02,Audio/01-11039-02.mp3,44100,higher_rate,Male,unknown,unknown,unknown,unknown
01-11042-03,Audio/01-11042-03.mp3,44100,higher_rate,Female,unknown,unknown,unknown,unknown
01-11045-02,Audio/01-11045-02.mp3,44100,higher_rate,Female,unknown,unknown,unknown,unknown
01-11049-03,Audio/01-11049-03.mp3,48000,higher_rate,Male,unknown,unknown,unknown,unknown
01-11053-02,Audio/01-11053-02.mp3,44100,higher_rate,Female,unknown,unknown,unknown,inaudible
01-11057-01,Audio/01-11057-01.mp3,44100,higher_rate,Female,unknown,unknown,unknown,unknown
01-11057-03,Audio/01-11057-03.mp3,8000,native_8khz,Male,unknown,unknown,unknown,inaudible
01-11063-02,Audio/01-11063-02.mp3,44100,higher_rate,Female,unknown,unknown,unknown,unknown
01-11065-01,Audio/01-11065-01.mp3,44100,higher_rate,Female,unknown,unknown,unknown,unknown
01-11075-01,Audio/01-11075-01.mp3,44100,higher_rate,Female,unknown,unknown,unknown,audio_jump
01-11128-02,Audio/01-11128-02.mp3,8000,native_8khz,Female,Bihari,unknown,Bihar,unknown
01-11137-03,Audio/01-11137-03.mp3,44100,higher_rate,Male,Bhojpuri,unknown,unknown,unknown
01-11151-02,Audio/01-11151-02.mp3,44100,higher_rate,Male,unknown,unknown,unknown,unknown
01-11152-02,Audio/01-11152-02.mp3,44100,higher_rate,Male,unknown,unknown,unknown,audio_jump
01-11166-02,Audio/01-11166-02.mp3,44100,higher_rate,Male,Bihari,unknown,Bihar,unknown
01-11170-02,Audio/01-11170-02.mp3,8000,native_8khz,Male,Bihari,unknown,Bihar,audio_jump
01-11185-03,Audio/01-11185-03.mp3,8000,native_8khz,Male,Bihari,unknown,Bihar,unknown
01-11200-02,Audio/01-11200-02.mp3,44100,higher_rate,Female,Bihari,unknown,Bihar,inaudible
01-11209-02,Audio/01-11209-02.mp3,44100,higher_rate,Male,Bihari,unknown,Bihar,unknown
01-11215-03,Audio/01-11215-03.mp3,8000,native_8khz,Male,Bihari,unknown,Bihar,unknown
01-11217-02,Audio/01-11217-02.mp3,8000,native_8khz,Male,unknown,unknown,unknown,unknown
01-11218-01,Audio/01-11218-01.mp3,8000,native_8khz,Male,unknown,unknown,unknown,unknown
01-11220-02,Audio/01-11220-02.mp3,8000,native_8khz,Male,Bhojpuri,unknown,unknown,inaudible
01-11227-01,Audio/01-11227-01.mp3,44100,higher_rate,Female,unknown,unknown,unknown,unknown
01-11236-03,Audio/01-11236-03.mp3,44100,higher_rate,Female,unknown,unknown,unknown,unknown
01-11247-03,Audio/01-11247-03.mp3,44100,higher_rate,Male,Bhojpuri,unknown,unknown,unknown
01-11248-02,Audio/01-11248-02.mp3,8000,native_8khz,Male,unknown,unknown,unknown,unknown
01-11255-03,Audio/01-11255-03.mp3,44100,higher_rate,Female,unknown,unknown,unknown,unknown
01-11262-03,Audio/01-11262-03.mp3,44100,higher_rate,Male,unknown,unknown,unknown,audio_jump
01-11280-03,Audio/01-11280-03.mp3,44100,higher_rate,Female,Bhojpuri,unknown,unknown,unknown
01-11284-02,Audio/01-11284-02.mp3,8000,native_8khz,Male,Bihari,unknown,Bihar,inaudible
01-11334-01,Audio/01-11334-01.mp3,44100,higher_rate,Female,unknown,unknown,unknown,audio_jump
01-11338-03,Audio/01-11338-03.mp3,44100,higher_rate,Male,unknown,unknown,unknown,audio_jump
01-11371-02,Audio/01-11371-02.mp3,44100,higher_rate,Male,Bihari,unknown,Bihar,inaudible
01-11378-01,Audio/01-11378-01.mp3,8000,native_8khz,Female,unknown,unknown,unknown,inaudible
01-11380-01,Audio/01-11380-01.mp3,8000,native_8khz,Male,unknown,unknown,unknown,unknown
01-11414-01,Audio/01-11414-01.mp3,48000,higher_rate,Male,unknown,unknown,unknown,unknown
01-11428-01,Audio/01-11428-01.mp3,44100,higher_rate,Female,Bihari,unknown,Bihar,unknown
01-11441-01,Audio/01-11441-01.mp3,44100,higher_rate,Male,unknown,unknown,unknown,unknown
01-11464-03,Audio/01-11464-03.mp3,8000,native_8khz,Male,unknown,unknown,unknown,inaudible
01-11466-03,Audio/01-11466-03.mp3,8000,native_8khz,Male,unknown,unknown,unknown,inaudible
01-11479-03,Audio/01-11479-03.mp3,8000,native_8khz,Male,Bihari,unknown,Bihar,unknown
01-11480-02,Audio/01-11480-02.mp3,8000,native_8khz,Male,unknown,unknown,unknown,unknown
01-11483-03,Audio/01-11483-03.mp3,8000,native_8khz,Male,Bihari,unknown,Bihar,inaudible
01-11507-03,Audio/01-11507-03.mp3,44100,higher_rate,Female,unknown,unknown,unknown,unknown
01-11512-03,Audio/01-11512-03.mp3,8000,native_8khz,Male,unknown,unknown,unknown,"audio_jump,inaudible"
01-11513-03,Audio/01-11513-03.mp3,8000,native_8khz,Male,unknown,unknown,unknown,inaudible
01-11514-01,Audio/01-11514-01.mp3,8000,native_8khz,Male,Bhojpuri,unknown,unknown,inaudible
01-11514-02,Audio/01-11514-02.mp3,8000,native_8khz,Male,Bhojpuri,unknown,unknown,inaudible
01-11515-02,Audio/01-11515-02.mp3,8000,native_8khz,Male,unknown,unknown,unknown,unknown
01-11518-02,Audio/01-11518-02.mp3,8000,native_8khz,Male,unknown,unknown,unknown,unknown
01-11521-03,Audio/01-11521-03.mp3,44100,higher_rate,Female,unknown,unknown,unknown,audio_jump
01-11523-03,Audio/01-11523-03.mp3,44100,higher_rate,Female,unknown,unknown,unknown,unknown
01-11537-02,Audio/01-11537-02.mp3,44100,higher_rate,Male,unknown,unknown,unknown,unknown
01-11548-01,Audio/01-11548-01.mp3,44100,higher_rate,Female,unknown,unknown,unknown,audio_jump
01-11549-03,Audio/01-11549-03.mp3,44100,higher_rate,Female,Bihari,unknown,Bihar,unknown
01-11570-01,Audio/01-11570-01.mp3,44100,higher_rate,Male,Bihari,unknown,Bihar,unknown
01-11574-02,Audio/01-11574-02.mp3,44100,higher_rate,Female,unknown,unknown,unknown,unknown
01-11579-01,Audio/01-11579-01.mp3,44100,higher_rate,Female,Bihari,unknown,Bihar,unknown
01-11591-02,Audio/01-11591-02.mp3,44100,higher_rate,Male,Bihari,unknown,Bihar,unknown
01-11603-02,Audio/01-11603-02.mp3,44100,higher_rate,Female,Bihari,unknown,Bihar,audio_jump
01-11616-02,Audio/01-11616-02.mp3,8000,native_8khz,Male,unknown,unknown,unknown,unknown
01-11632-03,Audio/01-11632-03.mp3,44100,higher_rate,Female,unknown,unknown,unknown,unknown
01-11637-03,Audio/01-11637-03.mp3,44100,higher_rate,Male,unknown,unknown,unknown,audio_jump
01-11648-02,Audio/01-11648-02.mp3,44100,higher_rate,Male,unknown,unknown,unknown,unknown
01-11653-02,Audio/01-11653-02.mp3,8000,native_8khz,Male,unknown,unknown,unknown,inaudible
01-11688-02,Audio/01-11688-02.mp3,48000,higher_rate,Female,unknown,unknown,unknown,unknown
01-11746-01,Audio/01-11746-01.mp3,44100,higher_rate,Female,unknown,unknown,unknown,audio_jump
01-11778-02,Audio/01-11778-02.mp3,8000,native_8khz,Male,Bihari,unknown,Bihar,unknown
01-11780-02,Audio/01-11780-02.mp3,44100,higher_rate,Male,unknown,unknown,unknown,unknown
01-11810-01,Audio/01-11810-01.mp3,44100,higher_rate,Female,unknown,unknown,unknown,unknown
01-11846-02,Audio/01-11846-02.mp3,8000,native_8khz,Male,unknown,unknown,unknown,inaudible
01-11848-01,Audio/01-11848-01.mp3,44100,higher_rate,Female,unknown,unknown,unknown,unknown
01-11869-01,Audio/01-11869-01.mp3,44100,higher_rate,Female,unknown,unknown,unknown,unknown
01-11884-01,Audio/01-11884-01.mp3,44100,higher_rate,Male,Bihari,unknown,Bihar,unknown
01-11885-02,Audio/01-11885-02.mp3,44100,higher_rate,Male,unknown,unknown,unknown,unknown
01-11926-02,Audio/01-11926-02.mp3,44100,higher_rate,Female,unknown,unknown,unknown,"audio_jump,inaudible"
01-11934-01,Audio/01-11934-01.mp3,44100,higher_rate,Female,unknown,unknown,unknown,unknown
01-11951-02,Audio/01-11951-02.mp3,44100,higher_rate,Female,unknown,unknown,unknown,unknown
01-11952-01,Audio/01-11952-01.mp3,44100,higher_rate,Female,unknown,unknown,unknown,unknown
01-11977-02,Audio/01-11977-02.mp3,44100,higher_rate,Male,Bihari,unknown,Bihar,unknown
01-11987-01,Audio/01-11987-01.mp3,44100,higher_rate,Male,unknown,unknown,unknown,inaudible
01-12013-01,Audio/01-12013-01.mp3,44100,higher_rate,Female,unknown,unknown,unknown,unknown
01-12016-02,Audio/01-12016-02.mp3,44100,higher_rate,Male,unknown,unknown,unknown,unknown
01-12021-01,Audio/01-12021-01.mp3,8000,native_8khz,Male,unknown,unknown,unknown,unknown
01-12032-01,Audio/01-12032-01.mp3,44100,higher_rate,Male,unknown,unknown,unknown,unknown
01-12054-02,Audio/01-12054-02.mp3,44100,higher_rate,Female,unknown,unknown,unknown,unknown
01-12073-02,Audio/01-12073-02.mp3,44100,higher_rate,Male,unknown,unknown,unknown,audio_jump
01-12078-01,Audio/01-12078-01.mp3,44100,higher_rate,Male,unknown,unknown,unknown,unknown
01-12100-02,Audio/01-12100-02.mp3,44100,higher_rate,Female,unknown,unknown,unknown,unknown
01-12103-02,Audio/01-12103-02.mp3,44100,higher_rate,Female,unknown,unknown,unknown,unknown
01-12109-02,Audio/01-12109-02.mp3,44100,higher_rate,Female,unknown,unknown,unknown,audio_jump
01-12146-02,Audio/01-12146-02.mp3,8000,native_8khz,Female,unknown,unknown,unknown,unknown
01-12182-02,Audio/01-12182-02.mp3,44100,higher_rate,Female,unknown,unknown,Bihar,unknown
01-12195-02,Audio/01-12195-02.mp3,44100,higher_rate,Male,Bihari,unknown,Bihar,unknown
01-12222-01,Audio/01-12222-01.mp3,44100,higher_rate,Female,unknown,unknown,unknown,unknown
02-12235-01,Audio/02-12235-01.mp3,44100,higher_rate,Male,unknown,unknown,unknown,unknown
02-12247-01,Audio/02-12247-01.mp3,44100,higher_rate,Female,unknown,unknown,unknown,audio_break
02-12252-02,Audio/02-12252-02.mp3,44100,higher_rate,Male,unknown,unknown,unknown,unknown
02-12269-01,Audio/02-12269-01.mp3,44100,higher_rate,Female,unknown,unknown,unknown,unknown
02-12275-01,Audio/02-12275-01.mp3,44100,higher_rate,Male,unknown,unknown,unknown,unknown
02-12279-02,Audio/02-12279-02.mp3,44100,higher_rate,Male,unknown,unknown,unknown,audio_jump
02-12280-01,Audio/02-12280-01.mp3,44100,higher_rate,Male,unknown,unknown,unknown,unknown
02-12298-01,Audio/02-12298-01.mp3,44100,higher_rate,Male,unknown,unknown,unknown,unknown
02-12307-01,Audio/02-12307-01.mp3,44100,higher_rate,Male,Bihari,unknown,Bihar,unknown
02-12311-02,Audio/02-12311-02.mp3,44100,higher_rate,Male,unknown,unknown,unknown,unknown
02-12313-01,Audio/02-12313-01.mp3,44100,higher_rate,Male,unknown,unknown,unknown,unknown
02-12317-01,Audio/02-12317-01.mp3,44100,higher_rate,Male,unknown,unknown,unknown,unknown
02-12320-02,Audio/02-12320-02.mp3,44100,higher_rate,Male,unknown,unknown,unknown,unknown
02-12351-01,Audio/02-12351-01.mp3,48000,higher_rate,Male,unknown,unknown,unknown,unknown
02-12357-01,Audio/02-12357-01.mp3,8000,native_8khz,Male,unknown,unknown,unknown,unknown
02-12364-02,Audio/02-12364-02.mp3,44100,higher_rate,Male,unknown,unknown,unknown,unknown
02-12386-02,Audio/02-12386-02.mp3,44100,higher_rate,Male,unknown,unknown,unknown,unknown
02-12392-02,Audio/02-12392-02.mp3,44100,higher_rate,Male,unknown,unknown,unknown,unknown
02-12396-02,Audio/02-12396-02.mp3,44100,higher_rate,Male,unknown,unknown,unknown,unknown
02-12407-01,Audio/02-12407-01.mp3,44100,higher_rate,Male,unknown,unknown,unknown,unknown
02-12409-01,Audio/02-12409-01.mp3,44100,higher_rate,Male,unknown,unknown,unknown,audio_break
02-12409-02,Audio/02-12409-02.mp3,44100,higher_rate,Male,unknown,unknown,unknown,unknown
02-12425-02,Audio/02-12425-02.mp3,44100,higher_rate,Male,unknown,unknown,unknown,unknown
02-12442-02,Audio/02-12442-02.mp3,44100,higher_rate,Female,unknown,unknown,unknown,unknown
02-12447-02,Audio/02-12447-02.mp3,44100,higher_rate,Female,unknown,unknown,unknown,unknown
02-12449-01,Audio/02-12449-01.mp3,44100,higher_rate,Female,unknown,unknown,unknown,unknown
02-12470-02,Audio/02-12470-02.mp3,44100,higher_rate,Female,unknown,unknown,unknown,inaudible
02-12493-02,Audio/02-12493-02.mp3,44100,higher_rate,Female,unknown,unknown,unknown,"audio_jump,inaudible"
02-12501-01,Audio/02-12501-01.mp3,44100,higher_rate,Male,unknown,unknown,unknown,inaudible
02-12502-01,Audio/02-12502-01.mp3,44100,higher_rate,Male,unknown,unknown,unknown,unknown
02-12509-02,Audio/02-12509-02.mp3,44100,higher_rate,Male,unknown,unknown,unknown,unknown
02-12512-02,Audio/02-12512-02.mp3,8000,native_8khz,Male,unknown,unknown,unknown,inaudible
02-12514-02,Audio/02-12514-02.mp3,8000,native_8khz,Male,unknown,unknown,unknown,inaudible
02-12518-02,Audio/02-12518-02.mp3,8000,native_8khz,Male,unknown,unknown,unknown,unknown
02-12521-01,Audio/02-12521-01.mp3,8000,native_8khz,Male,unknown,unknown,unknown,unknown
02-12525-02,Audio/02-12525-02.mp3,44100,higher_rate,Male,unknown,unknown,unknown,inaudible
02-12543-01,Audio/02-12543-01.mp3,48000,higher_rate,Male,unknown,unknown,unknown,unknown
02-12557-02,Audio/02-12557-02.mp3,8000,native_8khz,Male,unknown,unknown,unknown,unknown
02-12562-01,Audio/02-12562-01.mp3,44100,higher_rate,Male,unknown,unknown,unknown,inaudible
02-12566-01,Audio/02-12566-01.mp3,8000,native_8khz,Male,unknown,unknown,unknown,unknown
02-12579-01,Audio/02-12579-01.mp3,8000,native_8khz,Male,unknown,unknown,unknown,unknown
02-12586-01,Audio/02-12586-01.mp3,44100,higher_rate,Female,Bihari,unknown,Bihar,unknown
02-12591-02,Audio/02-12591-02.mp3,44100,higher_rate,Female,unknown,unknown,unknown,audio_jump
02-12608-02,Audio/02-12608-02.mp3,44100,higher_rate,Female,Bihari,unknown,Bihar,audio_jump
02-12636-02,Audio/02-12636-02.mp3,44100,higher_rate,Female,unknown,unknown,unknown,inaudible
02-12674-01,Audio/02-12674-01.mp3,44100,higher_rate,Female,Bihari,unknown,Bihar,unknown
02-12676-02,Audio/02-12676-02.mp3,44100,higher_rate,Female,Bihari,unknown,Bihar,unknown
02-12677-01,Audio/02-12677-01.mp3,44100,higher_rate,Female,unknown,unknown,unknown,unknown
02-12685-01,Audio/02-12685-01.mp3,8000,native_8khz,Male,Bhojpuri,unknown,unknown,inaudible
02-12689-02,Audio/02-12689-02.mp3,44100,higher_rate,Female,Bhojpuri,unknown,unknown,unknown
02-12707-02,Audio/02-12707-02.mp3,8000,native_8khz,Male,unknown,unknown,unknown,audio_jump
02-12733-01,Audio/02-12733-01.mp3,44100,higher_rate,Female,unknown,unknown,unknown,audio_jump
02-12755-02,Audio/02-12755-02.mp3,48000,higher_rate,Male,Bhojpuri,unknown,unknown,unknown
02-12765-02,Audio/02-12765-02.mp3,48000,higher_rate,Male,unknown,unknown,unknown,audio_jump
02-12768-01,Audio/02-12768-01.mp3,48000,higher_rate,Male,unknown,unknown,unknown,unknown
02-12794-02,Audio/02-12794-02.mp3,48000,higher_rate,Female,Bhojpuri,unknown,unknown,unknown
02-12795-01,Audio/02-12795-01.mp3,48000,higher_rate,Female,Bhojpuri,unknown,unknown,unknown
02-12814-01,Audio/02-12814-01.mp3,44100,higher_rate,Female,Bihari,unknown,Bihar,inaudible
02-12827-02,Audio/02-12827-02.mp3,16000,higher_rate,Female,Bhojpuri,unknown,unknown,audio_jump
02-12830-02,Audio/02-12830-02.mp3,48000,higher_rate,Male,unknown,unknown,unknown,unknown
02-12867-02,Audio/02-12867-02.mp3,44100,higher_rate,Female,unknown,unknown,unknown,audio_jump
02-12871-02,Audio/02-12871-02.mp3,48000,higher_rate,Female,unknown,unknown,unknown,unknown
02-12874-01,Audio/02-12874-01.mp3,48000,higher_rate,Female,unknown,unknown,unknown,audio_jump
02-12879-01,Audio/02-12879-01.mp3,44100,higher_rate,Male,unknown,unknown,unknown,unknown
02-12891-02,Audio/02-12891-02.mp3,8000,native_8khz,Male,Bhojpuri,unknown,unknown,inaudible
02-12892-01,Audio/02-12892-01.mp3,8000,native_8khz,Male,unknown,unknown,unknown,inaudible
02-12902-02,Audio/02-12902-02.mp3,44100,higher_rate,Male,Bhojpuri,unknown,unknown,unknown
02-12903-02,Audio/02-12903-02.mp3,44100,higher_rate,Male,Bhojpuri,unknown,unknown,unknown
02-12905-01,Audio/02-12905-01.mp3,44100,higher_rate,Male,Bhojpuri,unknown,unknown,unknown
02-12910-01,Audio/02-12910-01.mp3,8000,native_8khz,Male,unknown,unknown,unknown,inaudible
02-12921-02,Audio/02-12921-02.mp3,44100,higher_rate,Male,unknown,unknown,unknown,unknown
02-12958-02,Audio/02-12958-02.mp3,44100,higher_rate,Female,Bhojpuri,unknown,unknown,unknown
02-12965-01,Audio/02-12965-01.mp3,44100,higher_rate,Female,Bhojpuri,unknown,unknown,unknown
02-12975-02,Audio/02-12975-02.mp3,44100,higher_rate,Female,unknown,unknown,unknown,audio_jump
02-12988-02,Audio/02-12988-02.mp3,44100,higher_rate,Female,unknown,unknown,unknown,unknown
02-12990-01,Audio/02-12990-01.mp3,44100,higher_rate,Female,unknown,unknown,unknown,unknown
02-12993-01,Audio/02-12993-01.mp3,8000,native_8khz,Male,Bhojpuri,unknown,unknown,inaudible
02-13010-02,Audio/02-13010-02.mp3,8000,native_8khz,Male,unknown,unknown,unknown,inaudible
02-13013-02,Audio/02-13013-02.mp3,8000,native_8khz,Male,Bhojpuri,unknown,unknown,inaudible
02-13018-02,Audio/02-13018-02.mp3,8000,native_8khz,Male,unknown,unknown,unknown,inaudible
02-13021-01,Audio/02-13021-01.mp3,8000,native_8khz,Male,unknown,unknown,unknown,inaudible
02-13023-01,Audio/02-13023-01.mp3,8000,native_8khz,Male,unknown,unknown,unknown,inaudible
02-13025-02,Audio/02-13025-02.mp3,8000,native_8khz,Male,unknown,unknown,unknown,inaudible
02-13028-02,Audio/02-13028-02.mp3,8000,native_8khz,Male,unknown,unknown,unknown,inaudible
02-13032-01,Audio/02-13032-01.mp3,8000,native_8khz,Male,Bhojpuri,unknown,unknown,unknown
02-13034-01,Audio/02-13034-01.mp3,8000,native_8khz,Male,unknown,unknown,unknown,unknown
02-13036-01,Audio/02-13036-01.mp3,8000,native_8khz,Male,Bhojpuri,unknown,unknown,unknown
02-13038-02,Audio/02-13038-02.mp3,8000,native_8khz,Male,unknown,unknown,unknown,inaudible
02-13041-01,Audio/02-13041-01.mp3,44100,higher_rate,Male,unknown,unknown,unknown,unknown
02-13046-01,Audio/02-13046-01.mp3,44100,higher_rate,Male,unknown,unknown,unknown,unknown
02-13064-02,Audio/02-13064-02.mp3,44100,higher_rate,Female,unknown,unknown,unknown,unknown
02-13067-01,Audio/02-13067-01.mp3,44100,higher_rate,Female,unknown,unknown,unknown,unknown
02-13074-02,Audio/02-13074-02.mp3,8000,native_8khz,Male,unknown,unknown,unknown,unknown
02-13077-01,Audio/02-13077-01.mp3,8000,native_8khz,Male,unknown,unknown,unknown,inaudible
02-13106-01,Audio/02-13106-01.mp3,44100,higher_rate,Male,Bihari,unknown,Bihar,inaudible
02-13108-01,Audio/02-13108-01.mp3,44100,higher_rate,Male,unknown,unknown,unknown,inaudible
02-13135-02,Audio/02-13135-02.mp3,8000,native_8khz,Male,Bihari,unknown,Bihar,unknown
02-13152-01,Audio/02-13152-01.mp3,44100,higher_rate,Female,unknown,unknown,unknown,unknown
02-13153-02,Audio/02-13153-02.mp3,44100,higher_rate,Male,unknown,unknown,unknown,unknown
02-13157-01,Audio/02-13157-01.mp3,44100,higher_rate,Male,Bhojpuri,unknown,unknown,unknown
02-13160-01,Audio/02-13160-01.mp3,44100,higher_rate,Male,unknown,unknown,unknown,unknown
02-13160-02,Audio/02-13160-02.mp3,44100,higher_rate,Male,unknown,unknown,unknown,unknown
02-13215-02,Audio/02-13215-02.mp3,44100,higher_rate,Male,unknown,unknown,unknown,unknown
02-13222-02,Audio/02-13222-02.mp3,8000,native_8khz,Male,unknown,unknown,unknown,unknown
02-13245-02,Audio/02-13245-02.mp3,44100,higher_rate,Female,unknown,unknown,unknown,unknown
02-13259-02,Audio/02-13259-02.mp3,44100,higher_rate,Female,unknown,unknown,unknown,audio_jump
02-13271-01,Audio/02-13271-01.mp3,44100,higher_rate,Male,unknown,unknown,unknown,unknown
02-13278-01,Audio/02-13278-01.mp3,44100,higher_rate,Male,unknown,unknown,unknown,unknown
02-13282-01,Audio/02-13282-01.mp3,44100,higher_rate,Male,unknown,unknown,unknown,unknown
02-13285-02,Audio/02-13285-02.mp3,44100,higher_rate,Male,unknown,unknown,unknown,unknown
02-13291-02,Audio/02-13291-02.mp3,8000,native_8khz,Male,unknown,unknown,unknown,unknown
02-13300-02,Audio/02-13300-02.mp3,8000,native_8khz,Male,unknown,unknown,unknown,unknown
02-13307-01,Audio/02-13307-01.mp3,8000,native_8khz,Male,unknown,unknown,unknown,unknown
02-13321-02,Audio/02-13321-02.mp3,8000,native_8khz,Male,unknown,unknown,unknown,unknown
02-13326-02,Audio/02-13326-02.mp3,8000,native_8khz,Male,unknown,unknown,unknown,inaudible
02-13336-02,Audio/02-13336-02.mp3,44100,higher_rate,Female,unknown,unknown,unknown,unknown
02-13365-02,Audio/02-13365-02.mp3,8000,native_8khz,Female,unknown,unknown,unknown,unknown
02-13370-01,Audio/02-13370-01.mp3,44100,higher_rate,Female,unknown,unknown,unknown,unknown
02-13388-02,Audio/02-13388-02.mp3,44100,higher_rate,Male,unknown,unknown,unknown,unknown
02-13391-01,Audio/02-13391-01.mp3,44100,higher_rate,Male,unknown,unknown,unknown,unknown
02-13393-01,Audio/02-13393-01.mp3,8000,native_8khz,Male,unknown,unknown,unknown,unknown
02-13432-01,Audio/02-13432-01.mp3,44100,higher_rate,Male,unknown,unknown,unknown,unknown
02-13434-01,Audio/02-13434-01.mp3,44100,higher_rate,Male,unknown,unknown,unknown,unknown
02-13462-02,Audio/02-13462-02.mp3,8000,native_8khz,Male,unknown,unknown,unknown,unknown
02-13476-01,Audio/02-13476-01.mp3,8000,native_8khz,Male,unknown,unknown,unknown,inaudible
02-13487-02,Audio/02-13487-02.mp3,44100,higher_rate,Male,unknown,unknown,unknown,unknown
02-13507-01,Audio/02-13507-01.mp3,44100,higher_rate,Female,unknown,unknown,unknown,unknown
02-13511-01,Audio/02-13511-01.mp3,8000,native_8khz,Male,unknown,unknown,unknown,inaudible
02-13521-02,Audio/02-13521-02.mp3,8000,native_8khz,Male,unknown,unknown,unknown,inaudible
02-13526-02,Audio/02-13526-02.mp3,8000,native_8khz,Male,unknown,unknown,unknown,unknown
02-13548-01,Audio/02-13548-01.mp3,44100,higher_rate,Male,unknown,unknown,unknown,unknown
02-13558-02,Audio/02-13558-02.mp3,44100,higher_rate,Female,unknown,unknown,unknown,unknown
02-13561-02,Audio/02-13561-02.mp3,44100,higher_rate,Female,unknown,unknown,unknown,inaudible
02-13569-01,Audio/02-13569-01.mp3,8000,native_8khz,Male,unknown,unknown,unknown,unknown
02-13571-02,Audio/02-13571-02.mp3,8000,native_8khz,Male,unknown,unknown,unknown,unknown
02-13587-01,Audio/02-13587-01.mp3,44100,higher_rate,Female,unknown,unknown,unknown,audio_break
02-13595-01,Audio/02-13595-01.mp3,44100,higher_rate,Female,unknown,unknown,unknown,unknown
02-13598-01,Audio/02-13598-01.mp3,44100,higher_rate,Female,unknown,unknown,unknown,unknown
02-13641-01,Audio/02-13641-01.mp3,44100,higher_rate,Male,unknown,unknown,unknown,unknown
02-13657-01,Audio/02-13657-01.mp3,8000,native_8khz,Male,unknown,unknown,unknown,unknown
02-13663-02,Audio/02-13663-02.mp3,8000,native_8khz,Male,unknown,unknown,unknown,unknown
02-13671-01,Audio/02-13671-01.mp3,8000,native_8khz,Male,unknown,unknown,unknown,unknown
02-13674-02,Audio/02-13674-02.mp3,8000,native_8khz,Male,unknown,unknown,unknown,unknown
02-13675-01,Audio/02-13675-01.mp3,8000,native_8khz,Male,unknown,unknown,unknown,inaudible
02-13685-01,Audio/02-13685-01.mp3,44100,higher_rate,Female,unknown,unknown,unknown,unknown
02-13772-02,Audio/02-13772-02.mp3,44100,higher_rate,Female,unknown,unknown,unknown,unknown
02-13822-01,Audio/02-13822-01.mp3,44100,higher_rate,Female,unknown,unknown,unknown,unknown
02-13835-01,Audio/02-13835-01.mp3,44100,higher_rate,Male,unknown,unknown,unknown,inaudible
02-13864-01,Audio/02-13864-01.mp3,44100,higher_rate,Male,Bihari,unknown,Bihar,unknown
02-13869-01,Audio/02-13869-01.mp3,44100,higher_rate,Male,unknown,unknown,unknown,unknown
02-13875-01,Audio/02-13875-01.mp3,44100,higher_rate,Male,unknown,unknown,unknown,inaudible
02-13884-01,Audio/02-13884-01.mp3,8000,native_8khz,Male,Bihari,unknown,Bihar,"audio_jump,inaudible"
02-13885-01,Audio/02-13885-01.mp3,8000,native_8khz,Male,unknown,unknown,unknown,inaudible
02-13896-01,Audio/02-13896-01.mp3,8000,native_8khz,Male,unknown,unknown,unknown,inaudible
02-13973-01,Audio/02-13973-01.mp3,48000,higher_rate,Male,unknown,unknown,unknown,inaudible
02-14119-01,Audio/02-14119-01.mp3,44100,higher_rate,Male,Bihari,unknown,Bihar,unknown
02-14149-01,Audio/02-14149-01.mp3,44100,higher_rate,Male,Bihari,unknown,Bihar,"audio_jump,inaudible"
02-14165-01,Audio/02-14165-01.mp3,8000,native_8khz,Male,Bihari,unknown,Bihar,inaudible
02-14169-01,Audio/02-14169-01.mp3,8000,native_8khz,Male,unknown,unknown,unknown,unknown
02-14171-01,Audio/02-14171-01.mp3,8000,native_8khz,Male,unknown,unknown,unknown,unknown
02-14186-01,Audio/02-14186-01.mp3,8000,native_8khz,Male,unknown,unknown,unknown,audio_jump
02-14253-01,Audio/02-14253-01.mp3,44100,higher_rate,Female,unknown,unknown,unknown,audio_jump
02-14267-01,Audio/02-14267-01.mp3,44100,higher_rate,Female,unknown,unknown,unknown,inaudible
02-14330-01,Audio/02-14330-01.mp3,44100,higher_rate,Male,unknown,unknown,unknown,unknown
02-14348-01,Audio/02-14348-01.mp3,8000,native_8khz,Male,unknown,unknown,unknown,inaudible
02-14352-01,Audio/02-14352-01.mp3,8000,native_8khz,Male,unknown,unknown,unknown,inaudible
02-14369-01,Audio/02-14369-01.mp3,44100,higher_rate,Male,unknown,unknown,unknown,inaudible
02-14392-01,Audio/02-14392-01.mp3,44100,higher_rate,Female,unknown,unknown,unknown,unknown
02-14407-01,Audio/02-14407-01.mp3,44100,higher_rate,Female,Bihari,unknown,Bihar,unknown
02-14413-01,Audio/02-14413-01.mp3,44100,higher_rate,Female,unknown,unknown,unknown,audio_jump
02-14451-01,Audio/02-14451-01.mp3,44100,higher_rate,Female,Bihari,unknown,Bihar,unknown
02-14479-01,Audio/02-14479-01.mp3,8000,native_8khz,Male,unknown,unknown,unknown,inaudible
02-14488-01,Audio/02-14488-01.mp3,8000,native_8khz,Male,unknown,unknown,unknown,unknown
02-14493-01,Audio/02-14493-01.mp3,8000,native_8khz,Male,unknown,unknown,unknown,inaudible
02-14511-01,Audio/02-14511-01.mp3,8000,native_8khz,Male,unknown,unknown,unknown,inaudible
02-14552-01,Audio/02-14552-01.mp3,44100,higher_rate,Female,Bihari,unknown,Bihar,audio_jump
02-14567-01,Audio/02-14567-01.mp3,44100,higher_rate,Female,unknown,unknown,unknown,unknown
02-14610-01,Audio/02-14610-01.mp3,44100,higher_rate,Female,Bihari,unknown,Bihar,inaudible
02-14621-01,Audio/02-14621-01.mp3,8000,native_8khz,Male,unknown,unknown,unknown,unknown
02-14644-01,Audio/02-14644-01.mp3,44100,higher_rate,Male,Bihari,unknown,Bihar,unknown
02-14652-01,Audio/02-14652-01.mp3,8000,native_8khz,Male,unknown,unknown,unknown,audio_jump
02-14719-01,Audio/02-14719-01.mp3,44100,higher_rate,Female,unknown,unknown,unknown,unknown
02-14780-01,Audio/02-14780-01.mp3,8000,native_8khz,Male,unknown,unknown,unknown,unknown
02-14788-01,Audio/02-14788-01.mp3,8000,native_8khz,Male,unknown,unknown,unknown,unknown
02-14792-01,Audio/02-14792-01.mp3,44100,higher_rate,Female,unknown,unknown,unknown,audio_jump
02-14804-01,Audio/02-14804-01.mp3,44100,higher_rate,Male,Bihari,unknown,Bihar,unknown
02-14884-01,Audio/02-14884-01.mp3,44100,higher_rate,Male,Bihari,unknown,Bihar,unknown
02-14887-01,Audio/02-14887-01.mp3,8000,native_8khz,Male,unknown,unknown,unknown,inaudible
02-14933-01,Audio/02-14933-01.mp3,8000,native_8khz,Male,unknown,unknown,unknown,unknown
02-14941-01,Audio/02-14941-01.mp3,8000,native_8khz,Male,Bihari,unknown,Bihar,inaudible
02-14958-01,Audio/02-14958-01.mp3,44100,higher_rate,Male,unknown,unknown,unknown,unknown
02-14960-01,Audio/02-14960-01.mp3,44100,higher_rate,Male,unknown,unknown,unknown,unknown
02-14968-01,Audio/02-14968-01.mp3,44100,higher_rate,Male,Bihari,unknown,Bihar,"audio_jump,inaudible"
02-14975-01,Audio/02-14975-01.mp3,44100,higher_rate,Female,unknown,unknown,unknown,unknown
02-15010-01,Audio/02-15010-01.mp3,44100,higher_rate,Male,unknown,unknown,unknown,inaudible
02-15125-01,Audio/02-15125-01.mp3,8000,native_8khz,Female,unknown,unknown,unknown,unknown
02-15198-01,Audio/02-15198-01.mp3,44100,higher_rate,Male,unknown,unknown,unknown,unknown
02-15226-01,Audio/02-15226-01.mp3,48000,higher_rate,Male,Bihari,unknown,Bihar,unknown
02-15276-01,Audio/02-15276-01.mp3,44100,higher_rate,Male,unknown,unknown,unknown,audio_jump
02-15285-01,Audio/02-15285-01.mp3,48000,higher_rate,Female,unknown,unknown,unknown,unknown
02-15340-01,Audio/02-15340-01.mp3,44100,higher_rate,Male,unknown,unknown,unknown,unknown
02-15379-01,Audio/02-15379-01.mp3,8000,native_8khz,Male,unknown,unknown,unknown,unknown
02-15403-01,Audio/02-15403-01.mp3,44100,higher_rate,Female,unknown,unknown,unknown,unknown
02-15414-01,Audio/02-15414-01.mp3,8000,native_8khz,Male,unknown,unknown,unknown,inaudible
02-15421-01,Audio/02-15421-01.mp3,8000,native_8khz,Male,unknown,unknown,unknown,unknown
02-15425-01,Audio/02-15425-01.mp3,8000,native_8khz,Male,unknown,unknown,unknown,unknown
02-15447-01,Audio/02-15447-01.mp3,48000,higher_rate,Female,unknown,unknown,unknown,unknown
02-15484-01,Audio/02-15484-01.mp3,44100,higher_rate,Female,unknown,unknown,unknown,unknown
02-15513-01,Audio/02-15513-01.mp3,44100,higher_rate,Male,Bihari,unknown,Bihar,inaudible
02-15521-01,Audio/02-15521-01.mp3,44100,higher_rate,Female,Bihari,unknown,Bihar,unknown
02-15539-01,Audio/02-15539-01.mp3,44100,higher_rate,Female,unknown,unknown,unknown,unknown
02-15540-01,Audio/02-15540-01.mp3,44100,higher_rate,Female,unknown,unknown,unknown,unknown
02-15547-01,Audio/02-15547-01.mp3,8000,native_8khz,Male,unknown,unknown,unknown,unknown
02-15552-01,Audio/02-15552-01.mp3,8000,native_8khz,Male,unknown,unknown,unknown,unknown
02-15602-01,Audio/02-15602-01.mp3,44100,higher_rate,Male,unknown,unknown,unknown,unknown
02-15609-01,Audio/02-15609-01.mp3,44100,higher_rate,Female,unknown,unknown,unknown,unknown
02-15646-01,Audio/02-15646-01.mp3,44100,higher_rate,Male,unknown,unknown,unknown,unknown
02-15679-01,Audio/02-15679-01.mp3,8000,native_8khz,Male,unknown,unknown,unknown,unknown
02-15727-01,Audio/02-15727-01.mp3,8000,native_8khz,Male,Bihari,unknown,Bihar,audio_jump
02-15742-01,Audio/02-15742-01.mp3,8000,native_8khz,Male,unknown,unknown,unknown,unknown
02-15755-01,Audio/02-15755-01.mp3,44100,higher_rate,Male,unknown,unknown,unknown,"audio_break,audio_jump"
02-15784-01,Audio/02-15784-01.mp3,8000,native_8khz,Male,unknown,unknown,unknown,unknown
02-15790-01,Audio/02-15790-01.mp3,8000,native_8khz,Male,unknown,unknown,unknown,unknown
02-15796-01,Audio/02-15796-01.mp3,8000,native_8khz,Male,Bihari,unknown,Bihar,audio_jump
02-15817-01,Audio/02-15817-01.mp3,8000,native_8khz,Female,unknown,unknown,unknown,unknown
02-15843-01,Audio/02-15843-01.mp3,44100,higher_rate,Male,unknown,unknown,unknown,unknown
02-15869-01,Audio/02-15869-01.mp3,8000,native_8khz,Male,unknown,unknown,unknown,inaudible
02-15917-01,Audio/02-15917-01.mp3,44100,higher_rate,Male,Bihari,unknown,Bihar,unknown
02-15923-01,Audio/02-15923-01.mp3,48000,higher_rate,Female,unknown,unknown,unknown,audio_break
02-15931-01,Audio/02-15931-01.mp3,32000,higher_rate,Male,unknown,unknown,unknown,unknown
02-15951-01,Audio/02-15951-01.mp3,44100,higher_rate,Male,unknown,unknown,unknown,unknown
02-15968-01,Audio/02-15968-01.mp3,44100,higher_rate,Male,unknown,unknown,unknown,unknown
02-15980-01,Audio/02-15980-01.mp3,44100,higher_rate,Male,unknown,unknown,unknown,unknown
02-15985-01,Audio/02-15985-01.mp3,44100,higher_rate,Male,unknown,unknown,unknown,unknown
02-16001-01,Audio/02-16001-01.mp3,8000,native_8khz,Male,Bihari,unknown,Bihar,unknown
02-16013-01,Audio/02-16013-01.mp3,48000,higher_rate,Female,unknown,unknown,unknown,inaudible
02-16022-01,Audio/02-16022-01.mp3,44100,higher_rate,Male,unknown,unknown,unknown,unknown
02-16053-01,Audio/02-16053-01.mp3,44100,higher_rate,Male,unknown,unknown,unknown,audio_jump
02-16074-01,Audio/02-16074-01.mp3,44100,higher_rate,Male,unknown,unknown,unknown,unknown
02-16101-01,Audio/02-16101-01.mp3,44100,higher_rate,Male,unknown,unknown,unknown,unknown
02-16121-01,Audio/02-16121-01.mp3,44100,higher_rate,Male,unknown,unknown,unknown,audio_jump
02-16168-01,Audio/02-16168-01.mp3,48000,higher_rate,Male,unknown,unknown,unknown,unknown
02-16169-01,Audio/02-16169-01.mp3,48000,higher_rate,Male,unknown,unknown,unknown,inaudible
02-16200-01,Audio/02-16200-01.mp3,16000,higher_rate,Female,Bihari,unknown,Bihar,"audio_jump,inaudible"
02-16278-01,Audio/02-16278-01.mp3,44100,higher_rate,Female,unknown,unknown,unknown,unknown
02-16283-01,Audio/02-16283-01.mp3,44100,higher_rate,Female,unknown,unknown,unknown,unknown
02-16306-01,Audio/02-16306-01.mp3,8000,native_8khz,Male,Bihari,unknown,Bihar,inaudible
02-16331-01,Audio/02-16331-01.mp3,44100,higher_rate,Female,unknown,unknown,unknown,unknown
02-16351-01,Audio/02-16351-01.mp3,44100,higher_rate,Female,unknown,unknown,unknown,unknown
02-16360-01,Audio/02-16360-01.mp3,8000,native_8khz,Male,Bihari,unknown,Bihar,inaudible
02-16364-01,Audio/02-16364-01.mp3,8000,native_8khz,Male,unknown,unknown,unknown,unknown
02-16373-01,Audio/02-16373-01.mp3,44100,higher_rate,Male,Bihari,unknown,Bihar,unknown
02-16400-01,Audio/02-16400-01.mp3,44100,higher_rate,Male,Bihari,unknown,Bihar,audio_jump
02-16404-01,Audio/02-16404-01.mp3,44100,higher_rate,Male,Bihari,unknown,Bihar,unknown
02-16408-01,Audio/02-16408-01.mp3,8000,native_8khz,Male,Bihari,unknown,Bihar,inaudible
02-16416-01,Audio/02-16416-01.mp3,44100,higher_rate,Male,unknown,unknown,unknown,unknown
02-16439-01,Audio/02-16439-01.mp3,44100,higher_rate,Male,unknown,unknown,unknown,audio_jump
02-16459-01,Audio/02-16459-01.mp3,44100,higher_rate,Female,Bihari,unknown,Bihar,unknown
02-16462-01,Audio/02-16462-01.mp3,44100,higher_rate,Female,Bihari,unknown,Bihar,audio_jump
02-16486-01,Audio/02-16486-01.mp3,44100,higher_rate,Male,Bihari,unknown,Bihar,audio_jump
02-16493-01,Audio/02-16493-01.mp3,44100,higher_rate,Male,Bihari,unknown,Bihar,audio_jump
02-16502-01,Audio/02-16502-01.mp3,8000,native_8khz,Male,unknown,unknown,unknown,unknown
02-16522-01,Audio/02-16522-01.mp3,16000,higher_rate,Female,Bihari,unknown,Bihar,unknown
02-16527-01,Audio/02-16527-01.mp3,16000,higher_rate,Female,unknown,unknown,unknown,unknown
02-16534-01,Audio/02-16534-01.mp3,48000,higher_rate,Male,unknown,unknown,unknown,audio_jump
02-16682-01,Audio/02-16682-01.mp3,48000,higher_rate,Female,unknown,unknown,unknown,unknown
02-16724-01,Audio/02-16724-01.mp3,44100,higher_rate,Male,Bihari,unknown,Bihar,unknown
02-16753-01,Audio/02-16753-01.mp3,48000,higher_rate,Male,unknown,unknown,unknown,unknown
02-16764-01,Audio/02-16764-01.mp3,8000,native_8khz,Male,unknown,unknown,unknown,unknown
02-16772-01,Audio/02-16772-01.mp3,8000,native_8khz,Male,unknown,unknown,unknown,audio_jump
02-16781-01,Audio/02-16781-01.mp3,16000,higher_rate,Female,unknown,unknown,unknown,unknown
02-16792-01,Audio/02-16792-01.mp3,16000,higher_rate,Female,unknown,unknown,unknown,unknown
02-16793-01,Audio/02-16793-01.mp3,16000,higher_rate,Female,unknown,unknown,unknown,unknown
02-16838-01,Audio/02-16838-01.mp3,44100,higher_rate,Female,Bihari,unknown,Bihar,unknown
02-16865-01,Audio/02-16865-01.mp3,16000,higher_rate,Female,unknown,unknown,unknown,unknown
02-16866-01,Audio/02-16866-01.mp3,16000,higher_rate,Female,unknown,unknown,unknown,unknown
02-16880-01,Audio/02-16880-01.mp3,48000,higher_rate,Male,Bihari,unknown,Bihar,unknown
02-16890-01,Audio/02-16890-01.mp3,8000,native_8khz,Male,unknown,unknown,unknown,unknown
02-16901-01,Audio/02-16901-01.mp3,8000,native_8khz,Female,unknown,unknown,unknown,unknown
02-16938-01,Audio/02-16938-01.mp3,8000,native_8khz,Male,Bihari,unknown,Bihar,unknown
02-16970-01,Audio/02-16970-01.mp3,44100,higher_rate,Female,unknown,unknown,unknown,unknown
02-16981-01,Audio/02-16981-01.mp3,44100,higher_rate,Male,unknown,unknown,unknown,unknown
02-16992-01,Audio/02-16992-01.mp3,44100,higher_rate,Female,unknown,unknown,unknown,audio_jump
02-16995-01,Audio/02-16995-01.mp3,44100,higher_rate,Female,unknown,unknown,unknown,audio_jump
02-17018-01,Audio/02-17018-01.mp3,48000,higher_rate,Male,unknown,unknown,unknown,unknown
02-17044-01,Audio/02-17044-01.mp3,44100,higher_rate,Female,unknown,unknown,unknown,unknown
02-17047-01,Audio/02-17047-01.mp3,44100,higher_rate,Female,unknown,unknown,unknown,audio_jump
02-17050-01,Audio/02-17050-01.mp3,44100,higher_rate,Female,unknown,unknown,unknown,"audio_jump,inaudible"
02-17066-01,Audio/02-17066-01.mp3,48000,higher_rate,Male,Bihari,unknown,Bihar,unknown
02-17091-01,Audio/02-17091-01.mp3,44100,higher_rate,Male,unknown,unknown,unknown,inaudible
02-17146-01,Audio/02-17146-01.mp3,16000,higher_rate,Female,unknown,unknown,unknown,audio_jump
02-17197-01,Audio/02-17197-01.mp3,8000,native_8khz,Male,unknown,unknown,unknown,unknown
02-17244-01,Audio/02-17244-01.mp3,8000,native_8khz,Male,unknown,unknown,unknown,unknown
02-17283-01,Audio/02-17283-01.mp3,44100,higher_rate,Male,unknown,unknown,unknown,unknown
02-17284-01,Audio/02-17284-01.mp3,44100,higher_rate,Male,unknown,unknown,unknown,unknown
02-17292-01,Audio/02-17292-01.mp3,44100,higher_rate,Female,unknown,unknown,unknown,unknown
02-17297-01,Audio/02-17297-01.mp3,8000,native_8khz,Male,unknown,unknown,unknown,unknown
02-17299-01,Audio/02-17299-01.mp3,8000,native_8khz,Male,unknown,unknown,unknown,"audio_jump,not_clear"
02-17332-01,Audio/02-17332-01.mp3,44100,higher_rate,Male,Bihari,unknown,Bihar,unknown
02-17362-01,Audio/02-17362-01.mp3,44100,higher_rate,Female,unknown,unknown,unknown,audio_jump
02-17366-01,Audio/02-17366-01.mp3,44100,higher_rate,Female,unknown,unknown,unknown,unknown
02-17368-01,Audio/02-17368-01.mp3,44100,higher_rate,Female,unknown,unknown,unknown,unknown
02-17375-01,Audio/02-17375-01.mp3,44100,higher_rate,Female,unknown,unknown,unknown,unknown
02-17383-01,Audio/02-17383-01.mp3,44100,higher_rate,Female,Bihari,unknown,Bihar,unknown
02-17401-01,Audio/02-17401-01.mp3,44100,higher_rate,Male,unknown,unknown,unknown,unknown
02-17405-01,Audio/02-17405-01.mp3,44100,higher_rate,Male,unknown,unknown,unknown,unknown
02-17408-01,Audio/02-17408-01.mp3,44100,higher_rate,Male,unknown,unknown,unknown,unknown
02-17434-01,Audio/02-17434-01.mp3,44100,higher_rate,Male,unknown,unknown,unknown,unknown
02-17528-01,Audio/02-17528-01.mp3,44100,higher_rate,Male,unknown,unknown,unknown,unknown
02-17558-01,Audio/02-17558-01.mp3,44100,higher_rate,Female,Bihari,unknown,Bihar,unknown
02-17577-01,Audio/02-17577-01.mp3,44100,higher_rate,Female,unknown,unknown,unknown,unknown
02-17594-01,Audio/02-17594-01.mp3,44100,higher_rate,Female,unknown,unknown,unknown,unknown
02-17595-01,Audio/02-17595-01.mp3,44100,higher_rate,Female,Bihari,unknown,Bihar,unknown
02-17611-01,Audio/02-17611-01.mp3,44100,higher_rate,Female,unknown,unknown,unknown,unknown
02-17619-01,Audio/02-17619-01.mp3,8000,native_8khz,Male,unknown,unknown,unknown,unknown
02-17725-01,Audio/02-17725-01.mp3,44100,higher_rate,Male,unknown,unknown,unknown,"audio_jump,inaudible"
02-17759-01,Audio/02-17759-01.mp3,44100,higher_rate,Female,Bihari,unknown,Bihar,audio_jump
02-17793-01,Audio/02-17793-01.mp3,44100,higher_rate,Male,unknown,unknown,unknown,unknown
02-17798-01,Audio/02-17798-01.mp3,44100,higher_rate,Male,unknown,unknown,unknown,"audio_jump,inaudible"
02-17810-01,Audio/02-17810-01.mp3,44100,higher_rate,Male,Bihari,unknown,Bihar,unknown
02-17815-01,Audio/02-17815-01.mp3,44100,higher_rate,Male,unknown,unknown,unknown,unknown
02-17820-01,Audio/02-17820-01.mp3,8000,native_8khz,Male,unknown,unknown,unknown,inaudible
02-17842-01,Audio/02-17842-01.mp3,44100,higher_rate,Female,Bihari,unknown,Bihar,unknown
02-17867-01,Audio/02-17867-01.mp3,44100,higher_rate,Female,unknown,unknown,unknown,unknown
02-17872-01,Audio/02-17872-01.mp3,44100,higher_rate,Female,unknown,unknown,unknown,"audio_jump,inaudible"
02-17884-01,Audio/02-17884-01.mp3,44100,higher_rate,Female,unknown,unknown,unknown,audio_jump
02-17885-01,Audio/02-17885-01.mp3,48000,higher_rate,Male,unknown,unknown,unknown,inaudible
02-17942-01,Audio/02-17942-01.mp3,16000,higher_rate,Female,Bihari,unknown,Bihar,unknown
02-17987-01,Audio/02-17987-01.mp3,8000,native_8khz,Male,Bihari,unknown,Bihar,inaudible
02-17998-01,Audio/02-17998-01.mp3,44100,higher_rate,Female,unknown,unknown,unknown,audio_jump
02-18026-01,Audio/02-18026-01.mp3,44100,higher_rate,Female,Bihari,unknown,Bihar,unknown
02-18083-01,Audio/02-18083-01.mp3,44100,higher_rate,Female,unknown,unknown,unknown,audio_jump
02-18088-01,Audio/02-18088-01.mp3,44100,higher_rate,Male,unknown,unknown,unknown,unknown
02-18090-01,Audio/02-18090-01.mp3,44100,higher_rate,Male,unknown,unknown,unknown,"audio_jump,inaudible"
02-18100-01,Audio/02-18100-01.mp3,44100,higher_rate,Female,unknown,unknown,unknown,audio_jump
02-18110-01,Audio/02-18110-01.mp3,44100,higher_rate,Female,unknown,unknown,unknown,unknown
02-18125-01,Audio/02-18125-01.mp3,44100,higher_rate,Female,Bihari,unknown,Bihar,"audio_jump,inaudible"
02-18147-01,Audio/02-18147-01.mp3,44100,higher_rate,Male,unknown,unknown,unknown,unknown
02-18153-01,Audio/02-18153-01.mp3,44100,higher_rate,Male,unknown,unknown,unknown,unknown
02-18155-01,Audio/02-18155-01.mp3,44100,higher_rate,Male,unknown,unknown,unknown,unknown
02-18228-01,Audio/02-18228-01.mp3,8000,native_8khz,Male,Bihari,unknown,Bihar,inaudible
02-18259-01,Audio/02-18259-01.mp3,8000,native_8khz,Male,unknown,unknown,unknown,unknown
02-18280-01,Audio/02-18280-01.mp3,44100,higher_rate,Male,unknown,unknown,unknown,unknown
02-18286-01,Audio/02-18286-01.mp3,44100,higher_rate,Male,Bihari,unknown,Bihar,unknown
02-18330-01,Audio/02-18330-01.mp3,44100,higher_rate,Female,unknown,unknown,unknown,unknown
02-18367-01,Audio/02-18367-01.mp3,48000,higher_rate,Male,Bihari,unknown,Bihar,unknown
02-18415-01,Audio/02-18415-01.mp3,44100,higher_rate,Male,unknown,unknown,unknown,audio_jump
02-18457-01,Audio/02-18457-01.mp3,44100,higher_rate,Male,unknown,unknown,unknown,unknown
02-18517-01,Audio/02-18517-01.mp3,44100,higher_rate,Female,unknown,unknown,unknown,audio_jump
02-18578-01,Audio/02-18578-01.mp3,8000,native_8khz,Male,unknown,unknown,unknown,unknown
02-18580-01,Audio/02-18580-01.mp3,44100,higher_rate,Male,unknown,unknown,unknown,unknown
02-18595-01,Audio/02-18595-01.mp3,8000,native_8khz,Male,unknown,unknown,unknown,unknown
02-18619-01,Audio/02-18619-01.mp3,44100,higher_rate,Female,unknown,unknown,unknown,unknown
02-18625-01,Audio/02-18625-01.mp3,8000,native_8khz,Male,Bihari,unknown,Bihar,unknown
02-18657-01,Audio/02-18657-01.mp3,8000,native_8khz,Male,Bihari,unknown,Bihar,unknown
02-18699-01,Audio/02-18699-01.mp3,44100,higher_rate,Female,unknown,unknown,unknown,audio_jump
02-18700-01,Audio/02-18700-01.mp3,44100,higher_rate,Female,unknown,unknown,unknown,unknown
02-18705-01,Audio/02-18705-01.mp3,44100,higher_rate,Female,Bihari,unknown,Bihar,unknown
02-18709-01,Audio/02-18709-01.mp3,44100,higher_rate,Female,unknown,unknown,unknown,unknown
02-18724-01,Audio/02-18724-01.mp3,44100,higher_rate,Female,unknown,unknown,unknown,unknown
02-18781-01,Audio/02-18781-01.mp3,8000,native_8khz,Male,Bihari,unknown,Bihar,"audio_jump,inaudible"
02-18786-01,Audio/02-18786-01.mp3,44100,higher_rate,Female,Bihari,unknown,Bihar,unknown
02-18810-01,Audio/02-18810-01.mp3,44100,higher_rate,Female,Bihari,unknown,Bihar,unknown
02-18831-01,Audio/02-18831-01.mp3,44100,higher_rate,Female,Bihari,unknown,Bihar,unknown
02-18844-01,Audio/02-18844-01.mp3,8000,native_8khz,Male,unknown,unknown,unknown,unknown
02-18848-01,Audio/02-18848-01.mp3,8000,native_8khz,Male,unknown,unknown,unknown,unknown
02-18898-01,Audio/02-18898-01.mp3,44100,higher_rate,Female,unknown,unknown,unknown,audio_jump
02-18922-01,Audio/02-18922-01.mp3,8000,native_8khz,Male,unknown,unknown,unknown,inaudible
02-18932-01,Audio/02-18932-01.mp3,44100,higher_rate,Male,unknown,unknown,unknown,audio_jump
02-18944-01,Audio/02-18944-01.mp3,48000,higher_rate,Female,unknown,unknown,unknown,unknown
02-18957-01,Audio/02-18957-01.mp3,44100,higher_rate,Female,unknown,unknown,unknown,inaudible
02-18963-01,Audio/02-18963-01.mp3,44100,higher_rate,Female,Bihari,unknown,Bihar,unknown
02-18967-01,Audio/02-18967-01.mp3,8000,native_8khz,Male,unknown,unknown,unknown,inaudible
02-18985-01,Audio/02-18985-01.mp3,8000,native_8khz,Male,Bihari,unknown,Bihar,unknown
02-19006-01,Audio/02-19006-01.mp3,44100,higher_rate,Male,Bihari,unknown,Bihar,audio_jump
02-19013-01,Audio/02-19013-01.mp3,44100,higher_rate,Male,Bihari,unknown,Bihar,unknown
02-19027-01,Audio/02-19027-01.mp3,8000,native_8khz,Male,unknown,unknown,unknown,unknown
02-19051-01,Audio/02-19051-01.mp3,44100,higher_rate,Male,Bihari,unknown,Bihar,unknown
02-19089-01,Audio/02-19089-01.mp3,44100,higher_rate,Female,unknown,unknown,unknown,inaudible
02-19118-01,Audio/02-19118-01.mp3,44100,higher_rate,Female,Bihari,unknown,Bihar,audio_jump
02-19140-01,Audio/02-19140-01.mp3,16000,higher_rate,Female,unknown,unknown,unknown,unknown
02-19188-01,Audio/02-19188-01.mp3,44100,higher_rate,Male,Bihari,unknown,Bihar,unknown
02-19218-01,Audio/02-19218-01.mp3,44100,higher_rate,Male,unknown,unknown,unknown,unknown
02-19251-01,Audio/02-19251-01.mp3,44100,higher_rate,Female,Bihari,unknown,Bihar,unknown
02-19255-01,Audio/02-19255-01.mp3,44100,higher_rate,Male,unknown,unknown,unknown,unknown
02-19290-01,Audio/02-19290-01.mp3,44100,higher_rate,Female,Bihari,unknown,Bihar,unknown
02-19292-01,Audio/02-19292-01.mp3,44100,higher_rate,Female,unknown,unknown,unknown,unknown
02-19293-01,Audio/02-19293-01.mp3,44100,higher_rate,Female,unknown,unknown,unknown,unknown
02-19300-01,Audio/02-19300-01.mp3,16000,higher_rate,Female,unknown,unknown,unknown,unknown
02-19307-01,Audio/02-19307-01.mp3,16000,higher_rate,Male,unknown,unknown,unknown,unknown
02-19318-01,Audio/02-19318-01.mp3,44100,higher_rate,Female,unknown,unknown,unknown,unknown
02-19341-01,Audio/02-19341-01.mp3,8000,native_8khz,Male,Bihari,unknown,Bihar,unknown
02-19369-01,Audio/02-19369-01.mp3,44100,higher_rate,Female,Bihari,unknown,Bihar,unknown
02-19378-01,Audio/02-19378-01.mp3,44100,higher_rate,Female,unknown,unknown,unknown,unknown
02-19397-01,Audio/02-19397-01.mp3,8000,native_8khz,Male,unknown,unknown,unknown,unknown
02-19427-01,Audio/02-19427-01.mp3,48000,higher_rate,Male,Bihari,unknown,Bihar,audio_jump
02-19445-01,Audio/02-19445-01.mp3,16000,higher_rate,Female,unknown,unknown,unknown,unknown
02-19449-01,Audio/02-19449-01.mp3,16000,higher_rate,Female,unknown,unknown,unknown,unknown
02-19451-01,Audio/02-19451-01.mp3,8000,native_8khz,Male,unknown,unknown,unknown,unknown
02-19468-01,Audio/02-19468-01.mp3,44100,higher_rate,Male,unknown,unknown,unknown,unknown
02-19469-01,Audio/02-19469-01.mp3,8000,native_8khz,Male,Bihari,unknown,Bihar,unknown
02-19484-01,Audio/02-19484-01.mp3,44100,higher_rate,Male,Bhojpuri,unknown,unknown,audio_jump
02-19535-01,Audio/02-19535-01.mp3,44100,higher_rate,Male,Bihari,unknown,Bihar,unknown
02-19585-01,Audio/02-19585-01.mp3,8000,native_8khz,Female,unknown,unknown,unknown,inaudible
02-19586-01,Audio/02-19586-01.mp3,8000,native_8khz,Male,Bihari,unknown,Bihar,unknown
02-19616-01,Audio/02-19616-01.mp3,44100,higher_rate,Female,Bihari,unknown,Bihar,audio_jump
02-19641-01,Audio/02-19641-01.mp3,44100,higher_rate,Female,Bihari,unknown,Bihar,unknown
02-19657-01,Audio/02-19657-01.mp3,44100,higher_rate,Female,Bihari,unknown,Bihar,audio_jump
02-19665-01,Audio/02-19665-01.mp3,44100,higher_rate,Female,unknown,unknown,unknown,unknown
02-19671-01,Audio/02-19671-01.mp3,44100,higher_rate,Female,unknown,unknown,unknown,unknown
02-19672-01,Audio/02-19672-01.mp3,44100,higher_rate,Female,unknown,unknown,unknown,audio_jump
02-19713-01,Audio/02-19713-01.mp3,44100,higher_rate,Male,Bihari,unknown,Bihar,unknown
02-19750-01,Audio/02-19750-01.mp3,44100,higher_rate,Male,unknown,unknown,unknown,unknown
02-19776-01,Audio/02-19776-01.mp3,44100,higher_rate,Female,unknown,unknown,unknown,unknown
02-19803-01,Audio/02-19803-01.mp3,44100,higher_rate,Male,unknown,unknown,unknown,unknown
02-19813-01,Audio/02-19813-01.mp3,48000,higher_rate,Male,Bihari,unknown,Bihar,unknown
02-19831-01,Audio/02-19831-01.mp3,8000,native_8khz,Male,Bihari,unknown,Bihar,unknown
02-19835-01,Audio/02-19835-01.mp3,8000,native_8khz,Male,unknown,unknown,unknown,unknown
02-19849-01,Audio/02-19849-01.mp3,8000,native_8khz,Male,Bihari,unknown,Bihar,unknown
02-19888-01,Audio/02-19888-01.mp3,8000,native_8khz,Male,unknown,unknown,unknown,unknown
02-19903-01,Audio/02-19903-01.mp3,8000,native_8khz,Male,Bhojpuri,unknown,unknown,inaudible
02-19942-01,Audio/02-19942-01.mp3,44100,higher_rate,Male,Bihari,unknown,Bihar,audio_jump
02-20000-01,Audio/02-20000-01.mp3,44100,higher_rate,Female,Bihari,unknown,Bihar,unknown
02-20025-01,Audio/02-20025-01.mp3,16000,higher_rate,Female,Bihari,unknown,Bihar,unknown
02-20028-01,Audio/02-20028-01.mp3,16000,higher_rate,Female,Bihari,unknown,Bihar,unknown
02-20035-01,Audio/02-20035-01.mp3,16000,higher_rate,Female,Bihari,unknown,Bihar,unknown
02-20066-01,Audio/02-20066-01.mp3,44100,higher_rate,Male,unknown,unknown,unknown,unknown
02-20084-01,Audio/02-20084-01.mp3,44100,higher_rate,Female,unknown,unknown,unknown,unknown
02-20090-01,Audio/02-20090-01.mp3,44100,higher_rate,Female,unknown,unknown,unknown,unknown
02-20103-01,Audio/02-20103-01.mp3,44100,higher_rate,Female,unknown,unknown,unknown,unknown
02-20111-01,Audio/02-20111-01.mp3,8000,native_8khz,Female,unknown,unknown,unknown,unknown
02-20125-01,Audio/02-20125-01.mp3,8000,native_8khz,Female,unknown,unknown,unknown,unknown
02-20138-01,Audio/02-20138-01.mp3,44100,higher_rate,Female,unknown,unknown,unknown,unknown
02-20142-01,Audio/02-20142-01.mp3,44100,higher_rate,Female,unknown,unknown,unknown,audio_jump
02-20172-01,Audio/02-20172-01.mp3,44100,higher_rate,Female,unknown,unknown,unknown,unknown
02-20202-01,Audio/02-20202-01.mp3,44100,higher_rate,Male,unknown,unknown,unknown,audio_jump
02-20213-01,Audio/02-20213-01.mp3,44100,higher_rate,Male,unknown,unknown,unknown,audio_jump
02-20230-01,Audio/02-20230-01.mp3,44100,higher_rate,Male,Bihari,unknown,Bihar,unknown
02-20253-01,Audio/02-20253-01.mp3,44100,higher_rate,Female,unknown,unknown,unknown,unknown
02-20258-01,Audio/02-20258-01.mp3,44100,higher_rate,Female,unknown,unknown,unknown,unknown
02-20317-01,Audio/02-20317-01.mp3,8000,native_8khz,Female,unknown,unknown,unknown,unknown
02-20319-01,Audio/02-20319-01.mp3,8000,native_8khz,Female,Bihari,unknown,Bihar,inaudible
02-20321-01,Audio/02-20321-01.mp3,8000,native_8khz,Female,unknown,unknown,unknown,inaudible
02-20345-01,Audio/02-20345-01.mp3,44100,higher_rate,Female,unknown,unknown,unknown,unknown
02-20385-01,Audio/02-20385-01.mp3,44100,higher_rate,Male,Bihari,unknown,Bihar,unknown
02-20398-01,Audio/02-20398-01.mp3,44100,higher_rate,Female,Bihari,unknown,Bihar,unknown
02-20411-01,Audio/02-20411-01.mp3,44100,higher_rate,Male,unknown,unknown,unknown,unknown
02-20414-01,Audio/02-20414-01.mp3,44100,higher_rate,Male,Bihari,unknown,Bihar,unknown
02-20426-01,Audio/02-20426-01.mp3,44100,higher_rate,Female,unknown,unknown,unknown,unknown
02-20429-01,Audio/02-20429-01.mp3,44100,higher_rate,Male,Bihari,unknown,Bihar,unknown
02-20513-01,Audio/02-20513-01.mp3,44100,higher_rate,Male,Bihari,unknown,Bihar,unknown
02-20516-01,Audio/02-20516-01.mp3,44100,higher_rate,Male,unknown,unknown,unknown,inaudible
02-20565-01,Audio/02-20565-01.mp3,44100,higher_rate,Male,unknown,unknown,unknown,unknown
02-20588-01,Audio/02-20588-01.mp3,44100,higher_rate,Female,unknown,unknown,unknown,unknown
02-20590-01,Audio/02-20590-01.mp3,44100,higher_rate,Female,unknown,unknown,unknown,unknown
02-20591-01,Audio/02-20591-01.mp3,44100,higher_rate,Female,Bihari,unknown,Bihar,inaudible
02-20602-01,Audio/02-20602-01.mp3,44100,higher_rate,Female,unknown,unknown,unknown,unknown
02-20607-01,Audio/02-20607-01.mp3,44100,higher_rate,Female,unknown,unknown,unknown,unknown
02-20687-01,Audio/02-20687-01.mp3,8000,native_8khz,Female,unknown,unknown,unknown,inaudible
02-20705-01,Audio/02-20705-01.mp3,8000,native_8khz,Male,Bihari,unknown,Bihar,unknown
02-20706-01,Audio/02-20706-01.mp3,8000,native_8khz,Male,unknown,unknown,unknown,inaudible
02-20726-01,Audio/02-20726-01.mp3,44100,higher_rate,Female,Bihari,unknown,Bihar,audio_jump
02-20736-01,Audio/02-20736-01.mp3,44100,higher_rate,Female,Bihari,unknown,Bihar,unknown
02-20812-01,Audio/02-20812-01.mp3,44100,higher_rate,Female,unknown,unknown,unknown,unknown
02-20819-01,Audio/02-20819-01.mp3,44100,higher_rate,Female,Bihari,unknown,Bihar,unknown
02-20879-01,Audio/02-20879-01.mp3,44100,higher_rate,Male,unknown,unknown,unknown,audio_jump
02-20888-01,Audio/02-20888-01.mp3,44100,higher_rate,Female,unknown,unknown,unknown,unknown
02-20900-01,Audio/02-20900-01.mp3,44100,higher_rate,Female,unknown,unknown,unknown,audio_jump
02-20913-01,Audio/02-20913-01.mp3,44100,higher_rate,Female,Bihari,unknown,Bihar,unknown
02-20917-01,Audio/02-20917-01.mp3,44100,higher_rate,Male,Bihari,unknown,Bihar,unknown
02-20955-01,Audio/02-20955-01.mp3,44100,higher_rate,Male,unknown,unknown,unknown,unknown
02-20962-01,Audio/02-20962-01.mp3,44100,higher_rate,Male,Bihari,unknown,Bihar,unknown
02-20981-01,Audio/02-20981-01.mp3,44100,higher_rate,Female,unknown,unknown,unknown,unknown
02-20982-01,Audio/02-20982-01.mp3,44100,higher_rate,Female,unknown,unknown,unknown,audio_jump
02-21002-01,Audio/02-21002-01.mp3,44100,higher_rate,Female,unknown,unknown,unknown,unknown
02-21029-01,Audio/02-21029-01.mp3,44100,higher_rate,Female,Bihari,unknown,Bihar,unknown
02-21126-01,Audio/02-21126-01.mp3,44100,higher_rate,Female,Bihari,unknown,Bihar,audio_jump
02-21143-01,Audio/02-21143-01.mp3,44100,higher_rate,Female,Bihari,unknown,Bihar,audio_jump
02-21144-01,Audio/02-21144-01.mp3,44100,higher_rate,Female,unknown,unknown,unknown,unknown
02-21146-01,Audio/02-21146-01.mp3,44100,higher_rate,Female,Bihari,unknown,Bihar,unknown
02-21162-01,Audio/02-21162-01.mp3,44100,higher_rate,Female,Bihari,unknown,Bihar,audio_jump
02-21181-01,Audio/02-21181-01.mp3,44100,higher_rate,Male,unknown,unknown,unknown,unknown
02-21190-01,Audio/02-21190-01.mp3,44100,higher_rate,Female,Bihari,unknown,Bihar,unknown
02-21206-01,Audio/02-21206-01.mp3,44100,higher_rate,Female,unknown,unknown,unknown,unknown
02-21208-01,Audio/02-21208-01.mp3,44100,higher_rate,Male,Bihari,unknown,Bihar,audio_jump
02-21249-01,Audio/02-21249-01.mp3,44100,higher_rate,Female,Bihari,unknown,Bihar,audio_jump
02-21262-01,Audio/02-21262-01.mp3,44100,higher_rate,Female,Bihari,unknown,Bihar,audio_jump
02-21283-01,Audio/02-21283-01.mp3,8000,native_8khz,Male,unknown,unknown,unknown,unknown
02-21372-01,Audio/02-21372-01.mp3,44100,higher_rate,Male,unknown,unknown,unknown,unknown
02-21385-01,Audio/02-21385-01.mp3,44100,higher_rate,Male,Bihari,unknown,Bihar,unknown
02-21433-01,Audio/02-21433-01.mp3,44100,higher_rate,Female,unknown,unknown,unknown,unknown
02-21434-01,Audio/02-21434-01.mp3,44100,higher_rate,Female,unknown,unknown,unknown,unknown
02-21447-01,Audio/02-21447-01.mp3,44100,higher_rate,Male,unknown,unknown,unknown,"audio_jump,inaudible"
02-21464-01,Audio/02-21464-01.mp3,44100,higher_rate,Female,unknown,unknown,unknown,audio_jump
02-21521-01,Audio/02-21521-01.mp3,44100,higher_rate,Male,unknown,unknown,unknown,unknown
02-21542-01,Audio/02-21542-01.mp3,44100,higher_rate,Male,unknown,unknown,unknown,unknown
02-21557-01,Audio/02-21557-01.mp3,44100,higher_rate,Male,unknown,unknown,unknown,unknown
02-21573-01,Audio/02-21573-01.mp3,48000,higher_rate,Female,unknown,unknown,unknown,unknown
02-21608-01,Audio/02-21608-01.mp3,44100,higher_rate,Female,unknown,unknown,unknown,audio_jump
02-21624-01,Audio/02-21624-01.mp3,44100,higher_rate,Male,Bihari,unknown,Bihar,audio_jump
02-21645-01,Audio/02-21645-01.mp3,44100,higher_rate,Female,Bihari,unknown,Bihar,audio_jump
02-21654-01,Audio/02-21654-01.mp3,44100,higher_rate,Male,unknown,unknown,unknown,inaudible
02-21692-01,Audio/02-21692-01.mp3,44100,higher_rate,Female,Bihari,unknown,Bihar,audio_jump
02-21803-01,Audio/02-21803-01.mp3,44100,higher_rate,Male,Bihari,unknown,Bihar,inaudible
02-21818-01,Audio/02-21818-01.mp3,44100,higher_rate,Male,unknown,unknown,unknown,inaudible
02-21821-01,Audio/02-21821-01.mp3,44100,higher_rate,Female,unknown,unknown,unknown,unknown
02-21850-01,Audio/02-21850-01.mp3,44100,higher_rate,Female,unknown,unknown,unknown,inaudible
02-21878-01,Audio/02-21878-01.mp3,44100,higher_rate,Male,unknown,unknown,unknown,unknown
02-21899-01,Audio/02-21899-01.mp3,44100,higher_rate,Male,unknown,unknown,unknown,unknown
02-21965-01,Audio/02-21965-01.mp3,44100,higher_rate,Female,unknown,unknown,unknown,"audio_jump,inaudible"
02-21980-01,Audio/02-21980-01.mp3,44100,higher_rate,Female,unknown,unknown,unknown,inaudible
02-22025-01,Audio/02-22025-01.mp3,44100,higher_rate,Male,unknown,unknown,unknown,audio_jump
02-22029-01,Audio/02-22029-01.mp3,44100,higher_rate,Male,Bihari,unknown,Bihar,audio_jump
02-22063-01,Audio/02-22063-01.mp3,48000,higher_rate,Female,Bihari,unknown,Bihar,audio_jump
02-22066-01,Audio/02-22066-01.mp3,48000,higher_rate,Female,Bihari,unknown,Bihar,unknown
02-22098-01,Audio/02-22098-01.mp3,48000,higher_rate,Female,unknown,unknown,unknown,audio_jump
02-22145-01,Audio/02-22145-01.mp3,48000,higher_rate,Female,unknown,unknown,unknown,unknown
02-22227-01,Audio/02-22227-01.mp3,44100,higher_rate,Male,unknown,unknown,unknown,unknown
02-22242-01,Audio/02-22242-01.mp3,8000,native_8khz,Male,unknown,unknown,unknown,unknown
02-22258-01,Audio/02-22258-01.mp3,44100,higher_rate,Female,unknown,unknown,unknown,unknown
02-22266-01,Audio/02-22266-01.mp3,44100,higher_rate,Female,unknown,unknown,unknown,unknown
02-22271-01,Audio/02-22271-01.mp3,44100,higher_rate,Female,unknown,unknown,unknown,audio_jump
02-22276-01,Audio/02-22276-01.mp3,44100,higher_rate,Female,unknown,unknown,unknown,unknown
02-22286-01,Audio/02-22286-01.mp3,44100,higher_rate,Female,Bihari,unknown,Bihar,unknown
02-22294-01,Audio/02-22294-01.mp3,44100,higher_rate,Female,unknown,unknown,unknown,unknown
02-22321-01,Audio/02-22321-01.mp3,44100,higher_rate,Female,unknown,unknown,unknown,unknown
02-22329-01,Audio/02-22329-01.mp3,44100,higher_rate,Female,Bihari,unknown,Bihar,unknown
02-22360-01,Audio/02-22360-01.mp3,44100,higher_rate,Female,unknown,unknown,unknown,audio_jump
02-22404-01,Audio/02-22404-01.mp3,8000,native_8khz,Male,Bihari,unknown,Bihar,unknown
02-22409-01,Audio/02-22409-01.mp3,44100,higher_rate,Male,unknown,unknown,unknown,unknown
02-22415-01,Audio/02-22415-01.mp3,44100,higher_rate,Female,Bihari,unknown,Bihar,audio_break
02-22428-01,Audio/02-22428-01.mp3,44100,higher_rate,Female,unknown,unknown,unknown,unknown
02-22449-01,Audio/02-22449-01.mp3,44100,higher_rate,Female,unknown,unknown,unknown,unknown
02-22484-01,Audio/02-22484-01.mp3,44100,higher_rate,Male,unknown,unknown,unknown,unknown
02-22530-01,Audio/02-22530-01.mp3,44100,higher_rate,Female,unknown,unknown,unknown,unknown
02-22550-01,Audio/02-22550-01.mp3,8000,native_8khz,Male,unknown,unknown,unknown,unknown
02-22552-01,Audio/02-22552-01.mp3,8000,native_8khz,Male,unknown,unknown,unknown,unknown
02-22577-01,Audio/02-22577-01.mp3,44100,higher_rate,Male,unknown,unknown,unknown,audio_jump
02-22618-01,Audio/02-22618-01.mp3,8000,native_8khz,Female,unknown,unknown,unknown,unknown
02-22623-01,Audio/02-22623-01.mp3,44100,higher_rate,Male,Bihari,unknown,Bihar,unknown
02-22627-01,Audio/02-22627-01.mp3,8000,native_8khz,Female,unknown,unknown,unknown,unknown
02-22637-01,Audio/02-22637-01.mp3,48000,higher_rate,Female,unknown,unknown,unknown,unknown
02-22715-01,Audio/02-22715-01.mp3,8000,native_8khz,Male,unknown,unknown,unknown,unknown
02-22822-01,Audio/02-22822-01.mp3,8000,native_8khz,Male,unknown,unknown,unknown,unknown
02-22925-01,Audio/02-22925-01.mp3,8000,native_8khz,Male,unknown,unknown,unknown,unknown
02-22940-01,Audio/02-22940-01.mp3,8000,native_8khz,Male,unknown,unknown,unknown,unknown
02-22944-01,Audio/02-22944-01.mp3,8000,native_8khz,Male,unknown,unknown,unknown,unknown
02-22980-01,Audio/02-22980-01.mp3,44100,higher_rate,Male,unknown,unknown,unknown,unknown
02-23011-01,Audio/02-23011-01.mp3,8000,native_8khz,Female,Bihari,unknown,Bihar,unknown
02-23022-01,Audio/02-23022-01.mp3,8000,native_8khz,Female,unknown,unknown,unknown,"audio_jump,inaudible"
02-23080-01,Audio/02-23080-01.mp3,8000,native_8khz,Male,unknown,unknown,unknown,inaudible
02-23088-01,Audio/02-23088-01.mp3,8000,native_8khz,Male,unknown,unknown,unknown,inaudible
02-23093-01,Audio/02-23093-01.mp3,8000,native_8khz,Male,unknown,unknown,unknown,unknown
13-00085-02,Audio/13-00085-02.mp3,44100,higher_rate,Female,unknown,Patna,Bihar,unknown
13-00085-05,Audio/13-00085-05.mp3,44100,higher_rate,Female,unknown,unknown,unknown,audio_jump
13-00091-02,Audio/13-00091-02.mp3,44100,higher_rate,Female,Bihari,unknown,Bihar,unknown
13-00097-05,Audio/13-00097-05.mp3,44100,higher_rate,Female,Bihari,unknown,Bihar,audio_jump
13-00098-02,Audio/13-00098-02.mp3,44100,higher_rate,Female,Bihari,unknown,Bihar,unknown
13-00100-02,Audio/13-00100-02.mp3,44100,higher_rate,Female,Bihari,unknown,Bihar,audio_jump
13-00128-06,Audio/13-00128-06.mp3,44100,higher_rate,unknown,unknown,unknown,unknown,unknown
13-00131-03,Audio/13-00131-03.mp3,44100,higher_rate,Female,unknown,unknown,unknown,audio_break
13-00135-02,Audio/13-00135-02.mp3,44100,higher_rate,Female,unknown,unknown,unknown,unknown
13-00137-05,Audio/13-00137-05.mp3,44100,higher_rate,Female,unknown,unknown,unknown,unknown
13-00138-04,Audio/13-00138-04.mp3,44100,higher_rate,Female,unknown,unknown,unknown,unknown
13-00148-02,Audio/13-00148-02.mp3,48000,higher_rate,Male,unknown,unknown,unknown,unknown
13-00150-06,Audio/13-00150-06.mp3,8000,native_8khz,Male,unknown,unknown,unknown,unknown
13-00152-04,Audio/13-00152-04.mp3,44100,higher_rate,Female,unknown,unknown,unknown,unknown
13-00225-05,Audio/13-00225-05.mp3,48000,higher_rate,Female,unknown,unknown,unknown,audio_jump
13-00228-02,Audio/13-00228-02.mp3,44100,higher_rate,Male,Bihari,unknown,Bihar,laugh
13-00236-05,Audio/13-00236-05.mp3,48000,higher_rate,Female,Bihari,unknown,Bihar,unknown
13-00239-05,Audio/13-00239-05.mp3,48000,higher_rate,Female,unknown,unknown,unknown,unknown
13-00240-05,Audio/13-00240-05.mp3,48000,higher_rate,Female,unknown,unknown,unknown,unknown
13-00241-02,Audio/13-00241-02.mp3,8000,native_8khz,Male,Bihari,Madhubani,Bihar,unknown
13-00245-02,Audio/13-00245-02.mp3,8000,native_8khz,Male,unknown,unknown,unknown,inaudible
13-00246-02,Audio/13-00246-02.mp3,8000,native_8khz,Male,unknown,Samastipur,Bihar,unknown
13-00247-03,Audio/13-00247-03.mp3,8000,native_8khz,Male,Bihari,unknown,Bihar,unknown
13-00250-06,Audio/13-00250-06.mp3,44100,higher_rate,Female,unknown,unknown,unknown,inaudible
13-00252-03,Audio/13-00252-03.mp3,8000,native_8khz,Male,unknown,unknown,unknown,audio_jump
13-00252-04,Audio/13-00252-04.mp3,8000,native_8khz,Male,unknown,unknown,unknown,audio_jump
13-00253-01,Audio/13-00253-01.mp3,44100,higher_rate,Female,unknown,unknown,unknown,audio_break
13-00254-04,Audio/13-00254-04.mp3,8000,native_8khz,Male,Lucknowi,Lucknow,Uttar_pradesh,unknown
13-00259-04,Audio/13-00259-04.mp3,8000,native_8khz,Male,unknown,unknown,unknown,not_clear
13-00264-05,Audio/13-00264-05.mp3,8000,native_8khz,Male,unknown,unknown,unknown,unknown
13-00266-03,Audio/13-00266-03.mp3,8000,native_8khz,Male,unknown,unknown,unknown,unknown
13-00268-03,Audio/13-00268-03.mp3,8000,native_8khz,Male,unknown,unknown,unknown,unknown
13-00270-06,Audio/13-00270-06.mp3,8000,native_8khz,Male,unknown,unknown,unknown,not_clear
13-00278-01,Audio/13-00278-01.mp3,8000,native_8khz,Male,unknown,unknown,unknown,inaudible
13-00279-04,Audio/13-00279-04.mp3,8000,native_8khz,Male,Bihari,unknown,Bihar,inaudible
13-00280-06,Audio/13-00280-06.mp3,8000,native_8khz,Male,unknown,unknown,unknown,unknown
13-00284-05,Audio/13-00284-05.mp3,8000,native_8khz,Male,Bihari,unknown,Bihar,unknown
13-00286-06,Audio/13-00286-06.mp3,8000,native_8khz,Male,unknown,unknown,unknown,unknown
13-00290-06,Audio/13-00290-06.mp3,8000,native_8khz,Male,unknown,unknown,unknown,unknown
13-00292-03,Audio/13-00292-03.mp3,8000,native_8khz,Male,Bihari,Munger,Bihar,unknown
13-00296-01,Audio/13-00296-01.mp3,8000,native_8khz,Male,Bihari,unknown,Bihar,"audio_jump,inaudible"
13-00302-01,Audio/13-00302-01.mp3,8000,native_8khz,Male,unknown,unknown,unknown,not_clear
13-00305-05,Audio/13-00305-05.mp3,8000,native_8khz,Male,unknown,unknown,unknown,not_clear
13-00312-01,Audio/13-00312-01.mp3,8000,native_8khz,Male,unknown,unknown,unknown,unknown
13-00312-03,Audio/13-00312-03.mp3,8000,native_8khz,Male,unknown,unknown,unknown,unknown
13-00314-04,Audio/13-00314-04.mp3,8000,native_8khz,Male,unknown,unknown,unknown,unknown
13-00317-01,Audio/13-00317-01.mp3,44100,higher_rate,Male,unknown,unknown,unknown,unknown
13-00320-06,Audio/13-00320-06.mp3,8000,native_8khz,Male,unknown,unknown,unknown,unknown
13-00321-01,Audio/13-00321-01.mp3,8000,native_8khz,Male,unknown,unknown,unknown,inaudible
13-00326-05,Audio/13-00326-05.mp3,8000,native_8khz,Male,Bihari,unknown,Bihar,unknown
13-00341-05,Audio/13-00341-05.mp3,8000,native_8khz,Male,unknown,unknown,unknown,inaudible
13-00358-05,Audio/13-00358-05.mp3,8000,native_8khz,Male,unknown,unknown,unknown,unknown
13-00360-01,Audio/13-00360-01.mp3,8000,native_8khz,Male,unknown,unknown,unknown,unknown
13-00361-01,Audio/13-00361-01.mp3,8000,native_8khz,Female,unknown,unknown,unknown,unknown
13-00363-06,Audio/13-00363-06.mp3,8000,native_8khz,Female,unknown,unknown,unknown,unknown
13-00372-02,Audio/13-00372-02.mp3,8000,native_8khz,Male,unknown,unknown,unknown,unknown
13-00373-06,Audio/13-00373-06.mp3,8000,native_8khz,Male,unknown,unknown,Jharkhand,unknown
13-00374-01,Audio/13-00374-01.mp3,8000,native_8khz,Male,unknown,unknown,unknown,unknown
13-00376-04,Audio/13-00376-04.mp3,8000,native_8khz,Male,unknown,unknown,unknown,unknown
13-00397-05,Audio/13-00397-05.mp3,8000,native_8khz,Male,Bihari,unknown,Bihar,inaudible
13-00399-04,Audio/13-00399-04.mp3,8000,native_8khz,Male,Bihari,unknown,Bihar,unknown
13-00400-02,Audio/13-00400-02.mp3,8000,native_8khz,Male,Bihari,unknown,Bihar,unknown
13-00401-05,Audio/13-00401-05.mp3,8000,native_8khz,Male,unknown,unknown,unknown,unknown
13-00403-02,Audio/13-00403-02.mp3,8000,native_8khz,Male,unknown,unknown,unknown,unknown
13-00408-05,Audio/13-00408-05.mp3,44100,higher_rate,Male,Bihari,unknown,Bihar,audio_jump
13-00409-03,Audio/13-00409-03.mp3,44100,higher_rate,Male,unknown,unknown,unknown,"audio_jump,inaudible"
13-00409-05,Audio/13-00409-05.mp3,44100,higher_rate,Female,unknown,unknown,unknown,unknown
13-00419-02,Audio/13-00419-02.mp3,8000,native_8khz,Male,unknown,unknown,unknown,unknown
13-00434-03,Audio/13-00434-03.mp3,8000,native_8khz,Male,unknown,unknown,unknown,not_clear
13-00439-01,Audio/13-00439-01.mp3,8000,native_8khz,Male,unknown,unknown,unknown,unknown
13-00448-03,Audio/13-00448-03.mp3,8000,native_8khz,Male,unknown,unknown,unknown,unknown
13-00563-01,Audio/13-00563-01.mp3,8000,native_8khz,Male,Bihari,unknown,Bihar,unknown
13-00582-02,Audio/13-00582-02.mp3,8000,native_8khz,Male,Bihari,unknown,Bihar,unknown
13-00595-01,Audio/13-00595-01.mp3,8000,native_8khz,Male,Bihari,unknown,Bihar,inaudible
13-00604-01,Audio/13-00604-01.mp3,8000,native_8khz,Male,unknown,unknown,unknown,not_clear
13-00607-01,Audio/13-00607-01.mp3,8000,native_8khz,Male,unknown,unknown,unknown,unknown
13-00621-01,Audio/13-00621-01.mp3,8000,native_8khz,Male,Bihari,unknown,Bihar,"audio_jump,inaudible"
13-00626-03,Audio/13-00626-03.mp3,8000,native_8khz,Male,Bihari,unknown,Bihar,inaudible
13-00660-01,Audio/13-00660-01.mp3,8000,native_8khz,Male,unknown,unknown,unknown,inaudible
13-00660-02,Audio/13-00660-02.mp3,8000,native_8khz,Male,Bihari,unknown,Bihar,unknown
13-00665-02,Audio/13-00665-02.mp3,8000,native_8khz,Male,unknown,unknown,unknown,inaudible
13-00671-01,Audio/13-00671-01.mp3,8000,native_8khz,Male,unknown,unknown,unknown,"audio_jump,inaudible"
13-00704-02,Audio/13-00704-02.mp3,8000,native_8khz,Male,Bihari,unknown,Bihar,unknown
